"Access","Start Time (UTCG)","Stop Time (UTCG)","Duration (sec)"
1,4 Aug 2021 13:39:30.682,4 Aug 2021 13:45:23.170,352.488
2,4 Aug 2021 15:12:36.691,4 Aug 2021 15:19:07.635,390.945
3,5 Aug 2021 00:19:51.335,5 Aug 2021 00:25:28.252,336.918
4,5 Aug 2021 01:52:28.962,5 Aug 2021 01:59:13.091,404.130
5,5 Aug 2021 13:14:27.714,5 Aug 2021 13:18:22.464,234.750
6,5 Aug 2021 14:46:33.963,5 Aug 2021 14:53:39.792,425.829
7,5 Aug 2021 23:55:07.479,5 Aug 2021 23:58:55.693,228.214
8,6 Aug 2021 01:26:20.615,6 Aug 2021 01:33:32.534,431.919
9,6 Aug 2021 14:20:40.178,6 Aug 2021 14:27:55.416,435.238
10,6 Aug 2021 15:55:50.303,6 Aug 2021 15:58:22.182,151.879
11,7 Aug 2021 01:00:29.657,7 Aug 2021 01:07:42.260,432.603
12,7 Aug 2021 02:36:44.219,7 Aug 2021 02:39:04.835,140.617
13,7 Aug 2021 13:54:55.432,7 Aug 2021 14:01:54.365,418.933
14,7 Aug 2021 15:28:59.030,7 Aug 2021 15:34:00.132,301.101
15,8 Aug 2021 00:34:55.020,8 Aug 2021 00:41:43.271,408.251
16,8 Aug 2021 02:09:13.292,8 Aug 2021 02:14:28.739,315.447
17,8 Aug 2021 13:29:22.345,8 Aug 2021 13:35:33.895,371.550
18,8 Aug 2021 15:02:40.490,8 Aug 2021 15:08:57.692,377.201
19,9 Aug 2021 00:09:38.056,9 Aug 2021 00:15:34.194,356.139
20,9 Aug 2021 01:42:35.796,9 Aug 2021 01:49:07.412,391.616
21,9 Aug 2021 13:04:09.838,9 Aug 2021 13:08:44.857,275.019
22,9 Aug 2021 14:36:35.147,9 Aug 2021 14:43:34.440,419.293
23,9 Aug 2021 23:44:45.021,9 Aug 2021 23:49:08.820,263.798
24,10 Aug 2021 01:16:22.402,10 Aug 2021 01:23:29.880,427.478
25,10 Aug 2021 14:10:39.111,10 Aug 2021 14:17:54.291,435.179
26,10 Aug 2021 15:46:32.927,10 Aug 2021 15:47:28.893,55.967
27,11 Aug 2021 00:50:27.109,11 Aug 2021 00:57:41.951,434.843
28,11 Aug 2021 13:44:51.884,11 Aug 2021 13:51:57.723,425.838
29,11 Aug 2021 15:19:08.782,11 Aug 2021 15:23:41.723,272.942
30,12 Aug 2021 00:24:48.199,12 Aug 2021 00:31:45.258,417.059
31,12 Aug 2021 01:59:30.364,12 Aug 2021 02:04:15.458,285.094
32,12 Aug 2021 13:19:15.295,12 Aug 2021 13:25:42.789,387.494
33,12 Aug 2021 14:52:45.137,12 Aug 2021 14:58:46.377,361.240
34,12 Aug 2021 23:59:26.323,13 Aug 2021 00:05:39.115,372.792
35,13 Aug 2021 01:32:44.201,13 Aug 2021 01:39:00.693,376.492
36,13 Aug 2021 12:53:55.720,13 Aug 2021 12:59:02.932,307.211
37,13 Aug 2021 14:26:36.948,13 Aug 2021 14:33:27.952,411.005
38,13 Aug 2021 23:34:25.834,13 Aug 2021 23:39:19.201,293.367
39,14 Aug 2021 01:06:25.392,14 Aug 2021 01:13:26.540,421.147
40,14 Aug 2021 12:29:29.309,14 Aug 2021 12:31:21.679,112.370
41,14 Aug 2021 14:00:38.632,14 Aug 2021 14:07:52.062,433.430
42,14 Aug 2021 23:10:10.283,14 Aug 2021 23:12:22.020,131.737
43,15 Aug 2021 00:40:25.661,15 Aug 2021 00:47:41.058,435.397
44,15 Aug 2021 13:34:49.036,15 Aug 2021 13:41:59.853,430.817
45,15 Aug 2021 15:09:20.991,15 Aug 2021 15:13:20.338,239.347
46,16 Aug 2021 00:14:42.516,16 Aug 2021 00:21:46.618,424.102
47,16 Aug 2021 01:49:51.323,16 Aug 2021 01:53:58.853,247.530
48,16 Aug 2021 13:09:09.328,16 Aug 2021 13:15:50.065,400.737
49,16 Aug 2021 14:42:50.764,16 Aug 2021 14:48:33.565,342.801
50,16 Aug 2021 23:49:15.988,16 Aug 2021 23:55:43.149,387.160
51,17 Aug 2021 01:22:54.367,17 Aug 2021 01:28:52.756,358.389
52,17 Aug 2021 12:43:44.172,17 Aug 2021 12:49:17.876,333.704
53,17 Aug 2021 14:16:39.405,17 Aug 2021 14:23:20.296,400.891
54,17 Aug 2021 23:24:09.109,17 Aug 2021 23:29:27.641,318.532
55,18 Aug 2021 00:56:29.660,18 Aug 2021 01:03:22.452,412.792
56,18 Aug 2021 12:18:52.754,18 Aug 2021 12:22:03.813,191.059
57,18 Aug 2021 13:50:38.732,18 Aug 2021 13:57:48.733,430.001
58,18 Aug 2021 22:59:35.287,18 Aug 2021 23:02:46.720,191.433
59,19 Aug 2021 00:30:25.327,19 Aug 2021 00:37:39.565,434.238
60,19 Aug 2021 13:24:46.845,19 Aug 2021 13:32:00.805,433.960
61,19 Aug 2021 14:59:36.977,19 Aug 2021 15:02:54.650,197.673
62,20 Aug 2021 00:04:37.944,20 Aug 2021 00:11:47.381,429.437
63,20 Aug 2021 01:40:18.228,20 Aug 2021 01:43:36.872,198.644
64,20 Aug 2021 12:59:04.303,20 Aug 2021 13:05:55.866,411.563
65,20 Aug 2021 14:32:57.553,20 Aug 2021 14:38:19.076,321.523
66,20 Aug 2021 23:39:06.952,20 Aug 2021 23:45:46.402,399.449
67,21 Aug 2021 01:13:06.553,21 Aug 2021 01:18:43.340,336.787
68,21 Aug 2021 12:33:34.545,21 Aug 2021 12:39:30.346,355.801
69,21 Aug 2021 14:06:42.557,21 Aug 2021 14:13:11.420,388.863
70,21 Aug 2021 23:13:54.382,21 Aug 2021 23:19:34.598,340.216
71,22 Aug 2021 00:46:35.274,22 Aug 2021 00:53:17.540,402.267
72,22 Aug 2021 12:08:29.795,22 Aug 2021 12:12:31.766,241.971
73,22 Aug 2021 13:40:39.422,22 Aug 2021 13:47:44.312,424.891
74,22 Aug 2021 22:49:08.877,22 Aug 2021 22:53:03.366,234.489
75,23 Aug 2021 00:20:26.132,23 Aug 2021 00:27:37.457,431.325
76,23 Aug 2021 13:14:45.272,23 Aug 2021 13:22:00.615,435.343
77,23 Aug 2021 14:50:00.160,23 Aug 2021 14:52:21.245,141.085
78,23 Aug 2021 23:54:34.477,24 Aug 2021 00:01:47.558,433.081
79,24 Aug 2021 01:30:57.413,24 Aug 2021 01:33:03.187,125.775
80,24 Aug 2021 12:49:00.115,24 Aug 2021 12:56:00.299,420.184
81,24 Aug 2021 14:23:05.779,24 Aug 2021 14:28:02.629,296.850
82,24 Aug 2021 23:28:59.143,24 Aug 2021 23:35:48.944,409.801
83,25 Aug 2021 01:03:21.152,25 Aug 2021 01:08:32.072,310.920
84,25 Aug 2021 12:23:26.431,25 Aug 2021 12:29:40.756,374.325
85,25 Aug 2021 13:56:46.488,25 Aug 2021 14:03:01.261,374.774
86,25 Aug 2021 23:03:41.362,25 Aug 2021 23:09:40.365,359.003
87,26 Aug 2021 00:36:42.353,26 Aug 2021 00:43:11.704,389.351
88,26 Aug 2021 11:58:12.648,26 Aug 2021 12:02:53.340,280.691
89,26 Aug 2021 13:30:40.703,26 Aug 2021 13:37:38.774,418.070
90,26 Aug 2021 22:38:47.027,26 Aug 2021 22:43:15.964,268.937
91,27 Aug 2021 00:10:28.108,27 Aug 2021 00:17:34.692,426.584
92,27 Aug 2021 13:04:44.302,27 Aug 2021 13:11:59.311,435.010
93,27 Aug 2021 22:15:14.899,27 Aug 2021 22:15:37.043,22.144
94,27 Aug 2021 23:44:32.107,27 Aug 2021 23:51:47.154,435.048
95,28 Aug 2021 12:38:56.684,28 Aug 2021 12:46:03.452,426.767
96,28 Aug 2021 14:13:15.873,28 Aug 2021 14:17:43.795,267.921
97,28 Aug 2021 23:18:52.509,28 Aug 2021 23:25:50.829,418.319
98,29 Aug 2021 00:53:38.766,29 Aug 2021 00:58:18.335,279.569
99,29 Aug 2021 12:13:19.568,29 Aug 2021 12:19:49.380,389.812
100,29 Aug 2021 13:46:51.284,29 Aug 2021 13:52:49.716,358.432
101,29 Aug 2021 22:53:29.866,29 Aug 2021 22:59:45.130,375.264
102,30 Aug 2021 00:26:51.028,30 Aug 2021 00:33:04.803,373.775
103,30 Aug 2021 11:47:59.006,30 Aug 2021 11:53:10.848,311.842
104,30 Aug 2021 13:20:42.606,30 Aug 2021 13:27:32.101,409.495
105,30 Aug 2021 22:28:28.280,30 Aug 2021 22:33:25.991,297.711
106,31 Aug 2021 00:00:31.302,31 Aug 2021 00:07:31.238,419.936
107,31 Aug 2021 11:23:26.821,31 Aug 2021 11:25:35.720,128.899
108,31 Aug 2021 12:54:43.916,31 Aug 2021 13:01:56.904,432.988
109,31 Aug 2021 22:04:08.942,31 Aug 2021 22:06:32.267,143.325
110,31 Aug 2021 23:34:30.838,31 Aug 2021 23:41:46.164,435.326
111,1 Sep 2021 12:28:53.947,1 Sep 2021 12:36:05.389,431.442
112,1 Sep 2021 14:03:28.579,1 Sep 2021 14:07:21.829,233.250
113,1 Sep 2021 23:08:47.007,1 Sep 2021 23:15:52.093,425.086
114,2 Sep 2021 00:44:00.501,2 Sep 2021 00:48:01.047,240.546
115,2 Sep 2021 12:03:13.761,2 Sep 2021 12:09:56.406,402.645
116,2 Sep 2021 13:36:57.085,2 Sep 2021 13:42:36.651,339.566
117,2 Sep 2021 22:43:19.746,2 Sep 2021 22:49:49.032,389.286
118,3 Sep 2021 00:17:01.502,3 Sep 2021 00:22:56.645,355.143
119,3 Sep 2021 11:37:47.804,3 Sep 2021 11:43:25.353,337.548
120,3 Sep 2021 13:10:45.170,3 Sep 2021 13:17:24.252,399.082
121,3 Sep 2021 22:18:11.901,3 Sep 2021 22:23:34.162,322.261
122,3 Sep 2021 23:50:35.782,3 Sep 2021 23:57:27.025,411.242
123,4 Sep 2021 11:12:53.773,4 Sep 2021 11:16:14.256,200.483
124,4 Sep 2021 12:44:44.115,4 Sep 2021 12:51:53.402,429.287
125,4 Sep 2021 21:53:35.899,4 Sep 2021 21:56:55.106,199.207
126,4 Sep 2021 23:24:30.686,4 Sep 2021 23:31:44.572,433.886
127,5 Sep 2021 12:18:51.854,5 Sep 2021 12:26:06.156,434.303
128,5 Sep 2021 13:53:45.393,5 Sep 2021 13:56:55.230,189.837
129,5 Sep 2021 22:58:42.616,5 Sep 2021 23:05:52.756,430.141
130,6 Sep 2021 00:34:28.739,6 Sep 2021 00:37:37.827,189.088
131,6 Sep 2021 11:53:08.882,6 Sep 2021 12:00:01.977,413.095
132,6 Sep 2021 13:27:04.086,6 Sep 2021 13:32:21.864,317.778
133,6 Sep 2021 22:33:10.914,6 Sep 2021 22:39:52.165,401.252
134,7 Sep 2021 00:07:14.048,7 Sep 2021 00:12:46.963,332.914
135,7 Sep 2021 11:27:38.444,7 Sep 2021 11:33:37.468,359.024
136,7 Sep 2021 13:00:48.445,7 Sep 2021 13:07:15.175,386.729
137,7 Sep 2021 22:07:57.470,7 Sep 2021 22:13:40.913,343.443
138,7 Sep 2021 23:40:41.625,7 Sep 2021 23:47:21.969,400.344
139,8 Sep 2021 11:02:32.022,8 Sep 2021 11:06:40.911,248.889
140,8 Sep 2021 12:34:44.894,8 Sep 2021 12:41:48.800,423.906
141,8 Sep 2021 21:43:10.386,8 Sep 2021 21:47:10.938,240.551
142,8 Sep 2021 23:14:31.677,8 Sep 2021 23:21:42.361,430.684
143,9 Sep 2021 12:08:50.383,9 Sep 2021 12:16:05.788,435.405
144,9 Sep 2021 13:44:10.513,9 Sep 2021 13:46:19.807,129.294
145,9 Sep 2021 22:48:39.327,9 Sep 2021 22:55:52.841,433.515
146,10 Sep 2021 00:25:11.727,10 Sep 2021 00:27:00.434,108.707
147,10 Sep 2021 11:43:04.819,10 Sep 2021 11:50:06.202,421.383
148,10 Sep 2021 13:17:12.579,10 Sep 2021 13:22:05.067,292.488
149,10 Sep 2021 22:23:03.298,10 Sep 2021 22:29:54.601,411.303
150,10 Sep 2021 23:57:29.084,11 Sep 2021 00:02:35.343,306.260
151,11 Sep 2021 11:17:30.550,11 Sep 2021 11:23:47.575,377.025
152,11 Sep 2021 12:50:52.509,11 Sep 2021 12:57:04.801,372.292
153,11 Sep 2021 21:57:44.711,11 Sep 2021 22:03:46.509,361.798
154,11 Sep 2021 23:30:48.952,11 Sep 2021 23:37:15.970,387.018
155,12 Sep 2021 10:52:15.547,12 Sep 2021 10:57:01.722,286.175
156,12 Sep 2021 12:24:46.276,12 Sep 2021 12:31:43.078,416.801
157,12 Sep 2021 21:32:49.113,12 Sep 2021 21:37:23.050,273.937
158,12 Sep 2021 23:04:33.849,12 Sep 2021 23:11:39.489,425.639
159,13 Sep 2021 11:58:49.507,13 Sep 2021 12:06:04.303,434.796
160,13 Sep 2021 21:08:59.583,13 Sep 2021 21:10:01.202,61.619
161,13 Sep 2021 22:38:37.134,13 Sep 2021 22:45:52.341,435.208
162,14 Sep 2021 11:33:01.502,14 Sep 2021 11:40:09.158,427.656
163,14 Sep 2021 13:07:23.032,14 Sep 2021 13:11:45.788,262.755
164,14 Sep 2021 22:12:56.849,14 Sep 2021 22:19:56.380,419.531
165,14 Sep 2021 23:47:47.272,14 Sep 2021 23:52:21.123,273.851
166,15 Sep 2021 11:07:23.869,15 Sep 2021 11:13:55.929,392.060
167,15 Sep 2021 12:40:57.456,15 Sep 2021 12:46:53.015,355.560
168,15 Sep 2021 21:47:33.444,15 Sep 2021 21:53:51.125,377.681
169,15 Sep 2021 23:20:57.903,15 Sep 2021 23:27:08.882,370.980
170,16 Sep 2021 10:42:02.356,16 Sep 2021 10:47:18.686,316.330
171,16 Sep 2021 12:14:48.285,16 Sep 2021 12:21:36.219,407.933
172,16 Sep 2021 21:22:30.788,16 Sep 2021 21:27:32.734,301.946
173,16 Sep 2021 22:54:37.244,16 Sep 2021 23:01:35.917,418.673
174,17 Sep 2021 10:17:25.357,17 Sep 2021 10:19:48.729,143.371
175,17 Sep 2021 11:48:49.215,17 Sep 2021 11:56:01.717,432.502
176,17 Sep 2021 20:58:08.085,17 Sep 2021 21:00:42.052,153.967
177,17 Sep 2021 22:28:36.044,17 Sep 2021 22:35:51.254,435.210
178,18 Sep 2021 11:22:58.872,18 Sep 2021 11:30:10.901,432.030
179,18 Sep 2021 12:57:36.268,18 Sep 2021 13:01:23.207,226.938
180,18 Sep 2021 22:02:51.526,18 Sep 2021 22:09:57.543,426.017
181,18 Sep 2021 23:38:09.842,18 Sep 2021 23:42:03.092,233.249
182,19 Sep 2021 10:57:18.219,19 Sep 2021 11:04:02.712,404.492
183,19 Sep 2021 12:31:03.439,19 Sep 2021 12:36:39.687,336.248
184,19 Sep 2021 21:37:23.538,19 Sep 2021 21:43:54.898,391.360
185,19 Sep 2021 23:11:08.691,19 Sep 2021 23:17:00.496,351.805
186,20 Sep 2021 10:31:51.485,20 Sep 2021 10:37:32.770,341.285
187,20 Sep 2021 12:04:50.957,20 Sep 2021 12:11:28.176,397.219
188,20 Sep 2021 21:12:14.748,20 Sep 2021 21:17:40.653,325.904
189,20 Sep 2021 22:44:41.938,20 Sep 2021 22:51:31.573,409.635
190,21 Sep 2021 10:06:55.052,21 Sep 2021 10:10:24.423,209.371
191,21 Sep 2021 11:38:49.504,21 Sep 2021 11:45:58.038,428.534
192,21 Sep 2021 20:47:36.696,21 Sep 2021 20:51:03.323,206.627
193,21 Sep 2021 22:18:36.076,21 Sep 2021 22:25:49.567,433.491
194,22 Sep 2021 11:12:56.882,22 Sep 2021 11:20:11.480,434.597
195,22 Sep 2021 12:47:54.010,22 Sep 2021 12:50:55.595,181.586
196,22 Sep 2021 21:52:47.317,22 Sep 2021 21:59:58.120,430.803
197,22 Sep 2021 23:28:39.575,22 Sep 2021 23:31:38.471,178.896
198,23 Sep 2021 10:47:13.480,23 Sep 2021 10:54:08.059,414.578
199,23 Sep 2021 12:21:10.658,23 Sep 2021 12:26:24.599,313.941
200,23 Sep 2021 21:27:14.911,23 Sep 2021 21:33:57.913,403.002
201,23 Sep 2021 23:01:21.609,23 Sep 2021 23:06:50.532,328.923
202,24 Sep 2021 10:21:42.384,24 Sep 2021 10:27:44.542,362.158
203,24 Sep 2021 11:54:54.358,24 Sep 2021 12:01:18.896,384.539
204,24 Sep 2021 21:02:00.603,24 Sep 2021 21:07:47.204,346.601
205,24 Sep 2021 22:34:48.015,24 Sep 2021 22:41:26.376,398.361
206,25 Sep 2021 09:56:34.379,25 Sep 2021 10:00:49.910,255.532
207,25 Sep 2021 11:28:50.385,25 Sep 2021 11:35:53.257,422.872
208,25 Sep 2021 20:37:12.009,25 Sep 2021 20:41:18.413,246.404
209,25 Sep 2021 22:08:37.257,25 Sep 2021 22:15:47.251,429.994
210,26 Sep 2021 11:02:55.509,26 Sep 2021 11:10:10.931,435.422
211,26 Sep 2021 12:38:21.503,26 Sep 2021 12:40:17.709,116.206
212,26 Sep 2021 21:42:44.205,26 Sep 2021 21:49:58.105,433.901
213,26 Sep 2021 23:19:27.799,26 Sep 2021 23:20:55.939,88.140
214,27 Sep 2021 10:37:09.541,27 Sep 2021 10:44:12.073,422.533
215,27 Sep 2021 12:11:19.430,27 Sep 2021 12:16:07.436,288.006
216,27 Sep 2021 21:17:07.484,27 Sep 2021 21:24:00.236,412.752
217,27 Sep 2021 22:51:37.098,27 Sep 2021 22:56:38.548,301.451
218,28 Sep 2021 10:11:34.699,28 Sep 2021 10:17:54.351,379.652
219,28 Sep 2021 11:44:58.554,28 Sep 2021 11:51:08.297,369.744
220,28 Sep 2021 20:51:48.097,28 Sep 2021 20:57:52.626,364.529
221,28 Sep 2021 22:24:55.593,28 Sep 2021 22:31:20.209,384.616
222,29 Sep 2021 09:46:18.530,29 Sep 2021 09:51:10.003,291.474
223,29 Sep 2021 11:18:51.866,29 Sep 2021 11:25:47.352,415.486
224,29 Sep 2021 20:26:51.276,29 Sep 2021 20:31:30.068,278.792
225,29 Sep 2021 21:58:39.622,29 Sep 2021 22:05:44.270,424.648
226,30 Sep 2021 10:52:54.728,30 Sep 2021 11:00:09.266,434.538
227,30 Sep 2021 20:02:52.745,30 Sep 2021 20:04:16.895,84.150
228,30 Sep 2021 21:32:42.190,30 Sep 2021 21:39:57.513,435.324
229,1 Oct 2021 10:27:06.339,1 Oct 2021 10:34:14.826,428.488
230,1 Oct 2021 12:01:30.263,1 Oct 2021 12:05:47.695,257.432
231,1 Oct 2021 21:07:01.219,1 Oct 2021 21:14:01.916,420.697
232,1 Oct 2021 22:41:55.892,1 Oct 2021 22:46:23.814,267.922
233,2 Oct 2021 10:01:28.198,2 Oct 2021 10:08:02.437,394.240
234,2 Oct 2021 11:35:03.656,2 Oct 2021 11:40:56.278,352.622
235,2 Oct 2021 20:41:37.060,2 Oct 2021 20:47:57.102,380.042
236,2 Oct 2021 22:15:04.826,2 Oct 2021 22:21:12.926,368.099
237,3 Oct 2021 09:36:05.764,3 Oct 2021 09:41:26.447,320.683
238,3 Oct 2021 11:08:53.980,3 Oct 2021 11:15:40.305,406.325
239,3 Oct 2021 20:16:33.356,3 Oct 2021 20:21:39.433,306.077
240,3 Oct 2021 21:48:43.222,3 Oct 2021 21:55:40.575,417.353
241,4 Oct 2021 09:11:24.628,4 Oct 2021 09:14:00.986,156.358
242,4 Oct 2021 10:42:54.530,4 Oct 2021 10:50:06.507,431.977
243,4 Oct 2021 19:52:07.624,4 Oct 2021 19:54:51.458,163.834
244,4 Oct 2021 21:22:41.281,4 Oct 2021 21:29:56.331,435.050
245,5 Oct 2021 10:17:03.814,5 Oct 2021 10:24:16.378,432.564
246,5 Oct 2021 11:51:44.072,5 Oct 2021 11:55:24.455,220.383
247,5 Oct 2021 20:56:56.080,5 Oct 2021 21:04:02.986,426.906
248,5 Oct 2021 22:32:19.362,5 Oct 2021 22:36:04.976,225.614
249,6 Oct 2021 09:51:22.702,6 Oct 2021 09:58:08.981,406.279
250,6 Oct 2021 11:25:09.821,6 Oct 2021 11:30:42.679,332.858
251,6 Oct 2021 20:31:27.365,6 Oct 2021 20:38:00.745,393.380
252,6 Oct 2021 22:05:15.936,6 Oct 2021 22:11:04.307,348.371
253,7 Oct 2021 09:25:55.211,7 Oct 2021 09:31:40.133,344.923
254,7 Oct 2021 10:58:56.764,7 Oct 2021 11:05:32.067,395.303
255,7 Oct 2021 20:06:17.646,7 Oct 2021 20:11:47.109,329.463
256,7 Oct 2021 21:38:48.133,7 Oct 2021 21:45:36.096,407.962
257,8 Oct 2021 09:00:56.559,8 Oct 2021 09:04:34.352,217.793
258,8 Oct 2021 10:32:54.915,8 Oct 2021 10:40:02.650,427.735
259,8 Oct 2021 19:41:37.661,8 Oct 2021 19:45:11.382,213.722
260,8 Oct 2021 21:12:41.496,8 Oct 2021 21:19:54.542,433.046
261,9 Oct 2021 10:07:01.927,9 Oct 2021 10:14:16.775,434.848
262,9 Oct 2021 11:42:02.852,9 Oct 2021 11:44:55.725,172.873
263,9 Oct 2021 20:46:52.046,9 Oct 2021 20:54:03.463,431.417
264,9 Oct 2021 22:22:50.800,9 Oct 2021 22:25:38.743,167.944
265,10 Oct 2021 09:41:18.098,10 Oct 2021 09:48:14.105,416.007
266,10 Oct 2021 11:15:17.269,10 Oct 2021 11:20:27.280,310.012
267,10 Oct 2021 20:21:18.937,10 Oct 2021 20:28:03.643,404.706
268,10 Oct 2021 21:55:29.234,10 Oct 2021 22:00:54.053,324.819
269,11 Oct 2021 09:15:46.357,11 Oct 2021 09:21:51.564,365.207
270,11 Oct 2021 10:49:00.288,11 Oct 2021 10:55:22.580,382.292
271,11 Oct 2021 19:56:03.779,11 Oct 2021 20:01:53.460,349.680
272,11 Oct 2021 21:28:54.446,11 Oct 2021 21:35:30.755,396.308
273,12 Oct 2021 08:50:36.855,12 Oct 2021 08:54:58.772,261.917
274,12 Oct 2021 10:22:55.891,12 Oct 2021 10:29:57.683,421.793
275,12 Oct 2021 19:31:13.732,12 Oct 2021 19:35:25.797,252.065
276,12 Oct 2021 21:02:42.866,12 Oct 2021 21:09:52.121,429.255
277,13 Oct 2021 09:57:00.649,13 Oct 2021 10:04:16.043,435.394
278,13 Oct 2021 11:32:33.386,13 Oct 2021 11:34:14.707,101.322
279,13 Oct 2021 20:36:49.111,13 Oct 2021 20:44:03.357,434.246
280,13 Oct 2021 22:13:47.367,13 Oct 2021 22:14:47.960,60.593
281,14 Oct 2021 09:31:14.283,14 Oct 2021 09:38:17.911,423.627
282,14 Oct 2021 11:05:26.333,14 Oct 2021 11:10:09.741,283.408
283,14 Oct 2021 20:11:11.699,14 Oct 2021 20:18:05.858,414.159
284,14 Oct 2021 21:45:45.197,14 Oct 2021 21:50:41.682,296.484
285,15 Oct 2021 09:05:38.878,15 Oct 2021 09:12:01.076,382.198
286,15 Oct 2021 10:39:04.622,15 Oct 2021 10:45:11.760,367.138
287,15 Oct 2021 19:45:51.521,15 Oct 2021 19:51:58.720,367.199
288,15 Oct 2021 21:19:02.277,15 Oct 2021 21:25:24.417,382.140
289,16 Oct 2021 08:40:21.591,16 Oct 2021 08:45:18.190,296.599
290,16 Oct 2021 10:12:57.471,16 Oct 2021 10:19:51.596,414.125
291,16 Oct 2021 19:20:53.512,16 Oct 2021 19:25:37.026,283.515
292,16 Oct 2021 20:52:45.427,16 Oct 2021 20:59:49.030,423.603
293,17 Oct 2021 08:16:14.995,17 Oct 2021 08:17:16.348,61.353
294,17 Oct 2021 09:46:59.964,17 Oct 2021 09:54:14.202,434.238
295,17 Oct 2021 18:56:48.408,17 Oct 2021 18:58:30.101,101.693
296,17 Oct 2021 20:26:47.275,17 Oct 2021 20:34:02.670,435.395
297,18 Oct 2021 09:21:11.195,18 Oct 2021 09:28:20.466,429.271
298,18 Oct 2021 10:55:37.570,18 Oct 2021 10:59:49.512,251.941
299,18 Oct 2021 20:01:05.621,18 Oct 2021 20:08:07.440,421.819
300,18 Oct 2021 21:36:04.630,18 Oct 2021 21:40:26.403,261.773
301,19 Oct 2021 08:55:32.551,19 Oct 2021 09:02:08.902,396.351
302,19 Oct 2021 10:29:09.885,19 Oct 2021 10:34:59.497,349.612
303,19 Oct 2021 19:35:40.709,19 Oct 2021 19:42:03.053,382.344
304,19 Oct 2021 21:09:11.798,19 Oct 2021 21:15:16.936,365.137
305,20 Oct 2021 08:30:09.230,20 Oct 2021 08:35:34.144,324.914
306,20 Oct 2021 10:02:59.692,20 Oct 2021 10:09:44.360,404.668
307,20 Oct 2021 19:10:35.986,20 Oct 2021 19:15:46.083,310.097
308,20 Oct 2021 20:42:49.234,20 Oct 2021 20:49:45.212,415.979
309,21 Oct 2021 08:05:24.460,21 Oct 2021 08:08:12.667,168.207
310,21 Oct 2021 09:36:59.860,21 Oct 2021 09:44:11.263,431.403
311,21 Oct 2021 18:46:07.480,21 Oct 2021 18:49:00.556,173.077
312,21 Oct 2021 20:16:46.547,21 Oct 2021 20:24:01.390,434.843
313,22 Oct 2021 09:11:08.773,22 Oct 2021 09:18:21.829,433.056
314,22 Oct 2021 10:45:52.002,22 Oct 2021 10:49:25.562,213.560
315,22 Oct 2021 19:51:00.659,22 Oct 2021 19:58:08.413,427.754
316,22 Oct 2021 21:26:29.075,22 Oct 2021 21:30:06.682,217.607
317,23 Oct 2021 08:45:27.205,23 Oct 2021 08:52:15.212,408.007
318,23 Oct 2021 10:19:16.241,23 Oct 2021 10:24:45.623,329.382
319,23 Oct 2021 19:25:31.224,23 Oct 2021 19:32:06.571,395.347
320,23 Oct 2021 20:59:23.237,23 Oct 2021 21:05:08.076,344.839
321,24 Oct 2021 08:19:58.979,24 Oct 2021 08:25:47.434,348.455
322,24 Oct 2021 09:53:02.590,24 Oct 2021 09:59:35.924,393.334
323,24 Oct 2021 19:00:20.591,24 Oct 2021 19:05:53.525,332.934
324,24 Oct 2021 20:32:54.364,24 Oct 2021 20:39:40.604,406.240
325,25 Oct 2021 07:54:58.265,25 Oct 2021 07:58:44.062,225.797
326,25 Oct 2021 09:27:00.340,25 Oct 2021 09:34:07.226,426.886
327,25 Oct 2021 18:35:38.775,25 Oct 2021 18:39:19.308,220.533
328,25 Oct 2021 20:06:46.945,25 Oct 2021 20:13:59.499,432.554
329,26 Oct 2021 09:01:06.986,26 Oct 2021 09:08:22.040,435.054
330,26 Oct 2021 10:36:11.956,26 Oct 2021 10:38:55.574,163.618
331,26 Oct 2021 19:40:56.804,26 Oct 2021 19:48:08.790,431.986
332,26 Oct 2021 21:17:02.488,26 Oct 2021 21:19:38.567,156.080
333,27 Oct 2021 08:35:22.736,27 Oct 2021 08:42:20.116,417.380
334,27 Oct 2021 10:09:23.922,27 Oct 2021 10:14:29.904,305.982
335,27 Oct 2021 19:15:22.993,27 Oct 2021 19:22:09.355,406.362
336,27 Oct 2021 20:49:36.927,27 Oct 2021 20:54:57.514,320.587
337,28 Oct 2021 08:09:50.367,28 Oct 2021 08:15:58.534,368.167
338,28 Oct 2021 09:43:06.240,28 Oct 2021 09:49:26.228,379.988
339,28 Oct 2021 18:50:06.998,28 Oct 2021 18:55:59.684,352.686
340,28 Oct 2021 20:23:00.914,28 Oct 2021 20:29:35.106,394.193
341,29 Oct 2021 07:44:39.445,29 Oct 2021 07:49:07.507,268.062
342,29 Oct 2021 09:17:01.410,29 Oct 2021 09:24:02.083,420.673
343,29 Oct 2021 18:25:15.550,29 Oct 2021 18:29:33.100,257.550
344,29 Oct 2021 19:56:48.506,29 Oct 2021 20:03:56.974,428.468
345,30 Oct 2021 08:51:05.806,30 Oct 2021 08:58:21.127,435.321
346,30 Oct 2021 10:26:46.633,30 Oct 2021 10:28:10.330,83.696
347,30 Oct 2021 19:30:54.046,30 Oct 2021 19:38:08.591,434.545
348,31 Oct 2021 08:25:19.043,31 Oct 2021 08:32:23.713,424.671
349,31 Oct 2021 09:59:33.293,31 Oct 2021 10:04:11.973,278.680
350,31 Oct 2021 19:05:15.947,31 Oct 2021 19:12:11.464,415.517
351,31 Oct 2021 20:39:53.387,31 Oct 2021 20:44:44.742,291.355
352,1 Nov 2021 07:59:43.088,1 Nov 2021 08:06:07.758,384.670
353,1 Nov 2021 09:33:10.715,1 Nov 2021 09:39:15.182,364.467
354,1 Nov 2021 18:39:54.984,1 Nov 2021 18:46:04.788,369.804
355,1 Nov 2021 20:13:09.006,1 Nov 2021 20:19:28.596,379.590
356,2 Nov 2021 07:34:24.726,2 Nov 2021 07:39:26.289,301.562
357,2 Nov 2021 09:07:03.091,2 Nov 2021 09:13:55.811,412.719
358,2 Nov 2021 18:14:55.818,2 Nov 2021 18:19:43.928,288.110
359,2 Nov 2021 19:46:51.265,2 Nov 2021 19:53:53.769,422.504
360,3 Nov 2021 07:10:07.132,3 Nov 2021 07:11:35.800,88.668
361,3 Nov 2021 08:41:05.215,3 Nov 2021 08:48:19.107,433.892
362,3 Nov 2021 17:50:45.436,3 Nov 2021 17:52:41.957,116.521
363,3 Nov 2021 19:20:52.389,3 Nov 2021 19:28:07.811,435.422
364,4 Nov 2021 08:15:16.065,4 Nov 2021 08:22:26.073,430.008
365,4 Nov 2021 09:49:44.960,4 Nov 2021 09:53:51.232,246.271
366,4 Nov 2021 18:55:10.050,4 Nov 2021 19:02:12.945,422.896
367,4 Nov 2021 20:30:13.495,4 Nov 2021 20:34:28.879,255.384
368,5 Nov 2021 07:49:36.929,5 Nov 2021 07:56:15.334,398.405
369,5 Nov 2021 09:23:16.143,5 Nov 2021 09:29:02.672,346.529
370,5 Nov 2021 18:29:44.394,5 Nov 2021 18:36:08.979,384.585
371,5 Nov 2021 20:03:18.820,5 Nov 2021 20:09:20.909,362.089
372,6 Nov 2021 07:24:12.749,6 Nov 2021 07:29:41.766,329.018
373,6 Nov 2021 08:57:05.421,6 Nov 2021 09:03:48.382,402.961
374,6 Nov 2021 18:04:38.666,6 Nov 2021 18:09:52.695,314.029
375,6 Nov 2021 19:36:55.283,6 Nov 2021 19:43:49.829,414.546
376,7 Nov 2021 06:59:24.739,7 Nov 2021 07:02:23.882,179.143
377,7 Nov 2021 08:31:05.205,7 Nov 2021 08:38:15.989,430.784
378,7 Nov 2021 17:40:07.615,7 Nov 2021 17:43:09.390,181.775
379,7 Nov 2021 19:10:51.840,7 Nov 2021 19:18:06.432,434.591
380,8 Nov 2021 08:05:13.747,8 Nov 2021 08:12:27.248,433.500
381,8 Nov 2021 09:40:00.068,8 Nov 2021 09:43:26.521,206.454
382,8 Nov 2021 18:45:05.266,8 Nov 2021 18:52:13.818,428.552
383,8 Nov 2021 20:20:39.003,8 Nov 2021 20:24:08.184,209.181
384,9 Nov 2021 07:39:31.731,9 Nov 2021 07:46:21.401,409.670
385,9 Nov 2021 09:13:22.694,9 Nov 2021 09:18:48.513,325.819
386,9 Nov 2021 18:19:35.115,9 Nov 2021 18:26:12.374,397.259
387,9 Nov 2021 19:53:30.595,9 Nov 2021 19:59:11.800,341.205
388,10 Nov 2021 07:14:02.788,10 Nov 2021 07:19:54.673,351.884
389,10 Nov 2021 08:47:08.434,10 Nov 2021 08:53:39.746,391.312
390,10 Nov 2021 17:54:23.582,10 Nov 2021 17:59:59.907,336.324
391,10 Nov 2021 19:27:00.630,10 Nov 2021 19:33:45.080,404.450
392,11 Nov 2021 06:49:00.152,11 Nov 2021 06:52:53.574,233.422
393,11 Nov 2021 08:21:05.780,11 Nov 2021 08:28:11.778,425.998
394,11 Nov 2021 17:29:40.025,11 Nov 2021 17:33:27.109,227.083
395,11 Nov 2021 19:00:52.424,11 Nov 2021 19:08:04.443,432.018
396,12 Nov 2021 07:55:12.061,12 Nov 2021 08:02:27.275,435.214
397,12 Nov 2021 09:30:21.368,12 Nov 2021 09:32:55.097,153.730
398,12 Nov 2021 18:35:01.589,12 Nov 2021 18:42:14.104,432.514
399,12 Nov 2021 20:11:14.757,12 Nov 2021 20:13:37.821,143.064
400,13 Nov 2021 07:29:27.389,13 Nov 2021 07:36:26.092,418.703
401,13 Nov 2021 09:03:30.619,13 Nov 2021 09:08:32.470,301.852
402,13 Nov 2021 18:09:27.076,13 Nov 2021 18:16:15.048,407.972
403,13 Nov 2021 19:43:44.696,13 Nov 2021 19:49:00.923,316.227
404,14 Nov 2021 07:03:54.411,14 Nov 2021 07:10:05.455,371.044
405,14 Nov 2021 08:37:12.212,14 Nov 2021 08:43:29.837,377.625
406,14 Nov 2021 17:44:10.257,14 Nov 2021 17:50:05.883,355.626
407,14 Nov 2021 19:17:07.422,14 Nov 2021 19:23:39.431,392.009
408,15 Nov 2021 06:38:42.138,15 Nov 2021 06:43:16.122,273.984
409,15 Nov 2021 08:11:06.947,15 Nov 2021 08:18:06.454,419.507
410,15 Nov 2021 17:19:17.458,15 Nov 2021 17:23:40.332,262.874
411,15 Nov 2021 18:50:54.177,15 Nov 2021 18:58:01.811,427.634
412,16 Nov 2021 07:45:10.977,16 Nov 2021 07:52:26.181,435.204
413,16 Nov 2021 09:21:02.409,16 Nov 2021 09:22:03.412,61.003
414,16 Nov 2021 18:24:59.010,16 Nov 2021 18:32:13.812,434.802
415,17 Nov 2021 07:19:23.820,17 Nov 2021 07:26:29.482,425.662
416,17 Nov 2021 08:53:40.312,17 Nov 2021 08:58:14.135,273.822
417,17 Nov 2021 17:59:20.222,17 Nov 2021 18:06:17.053,416.831
418,17 Nov 2021 19:34:01.669,17 Nov 2021 19:38:47.722,286.053
419,18 Nov 2021 06:53:47.326,18 Nov 2021 07:00:14.399,387.073
420,18 Nov 2021 08:27:16.833,18 Nov 2021 08:33:18.567,361.734
421,18 Nov 2021 17:33:58.483,18 Nov 2021 17:40:10.831,372.348
422,18 Nov 2021 19:07:15.779,18 Nov 2021 19:13:32.745,376.966
423,19 Nov 2021 06:28:27.931,19 Nov 2021 06:33:34.302,306.371
424,19 Nov 2021 08:01:08.730,19 Nov 2021 08:07:59.999,411.269
425,19 Nov 2021 17:08:58.191,19 Nov 2021 17:13:50.776,292.584
426,19 Nov 2021 18:40:57.132,19 Nov 2021 18:47:58.489,421.357
427,20 Nov 2021 06:04:02.684,20 Nov 2021 06:05:51.821,109.137
428,20 Nov 2021 07:35:10.480,20 Nov 2021 07:42:23.985,433.504
429,20 Nov 2021 16:44:43.360,20 Nov 2021 16:46:52.929,129.569
430,20 Nov 2021 18:14:57.530,20 Nov 2021 18:22:12.935,435.405
431,21 Nov 2021 07:09:20.952,21 Nov 2021 07:16:31.650,430.699
432,21 Nov 2021 08:43:52.437,21 Nov 2021 08:47:52.848,240.411
433,21 Nov 2021 17:49:14.506,21 Nov 2021 17:56:18.431,423.925
434,21 Nov 2021 19:24:22.494,21 Nov 2021 19:28:31.233,248.739
435,22 Nov 2021 06:43:41.329,22 Nov 2021 06:50:21.719,400.391
436,22 Nov 2021 08:17:22.429,22 Nov 2021 08:23:05.799,343.370
437,22 Nov 2021 17:23:48.109,22 Nov 2021 17:30:14.886,386.777
438,22 Nov 2021 18:57:25.891,22 Nov 2021 19:03:24.844,358.953
439,23 Nov 2021 06:18:16.318,23 Nov 2021 06:23:49.325,333.006
440,23 Nov 2021 07:51:11.167,23 Nov 2021 07:57:52.375,401.209
441,23 Nov 2021 16:58:41.401,23 Nov 2021 17:03:59.261,317.860
442,23 Nov 2021 18:31:01.361,23 Nov 2021 18:37:54.423,413.061
443,24 Nov 2021 05:53:25.392,24 Nov 2021 05:56:34.708,189.316
444,24 Nov 2021 07:25:10.564,24 Nov 2021 07:32:20.691,430.128
445,24 Nov 2021 16:34:07.984,24 Nov 2021 16:37:17.998,190.014
446,24 Nov 2021 18:04:57.163,24 Nov 2021 18:12:11.459,434.296
447,25 Nov 2021 06:59:18.743,25 Nov 2021 07:06:32.636,433.893
448,25 Nov 2021 08:34:08.284,25 Nov 2021 08:37:27.315,199.031
449,25 Nov 2021 17:39:09.902,25 Nov 2021 17:46:19.211,429.309
450,25 Nov 2021 19:14:49.179,25 Nov 2021 19:18:09.454,200.275
451,26 Nov 2021 06:33:36.278,26 Nov 2021 06:40:27.556,411.278
452,26 Nov 2021 08:07:29.181,26 Nov 2021 08:12:51.362,322.181
453,26 Nov 2021 17:13:39.037,26 Nov 2021 17:20:18.161,399.124
454,26 Nov 2021 18:47:38.014,26 Nov 2021 18:53:15.476,337.463
455,27 Nov 2021 06:08:06.644,27 Nov 2021 06:14:01.860,355.215
456,27 Nov 2021 07:41:14.298,27 Nov 2021 07:47:43.536,389.238
457,27 Nov 2021 16:48:26.623,27 Nov 2021 16:54:06.259,339.636
458,27 Nov 2021 18:21:06.935,27 Nov 2021 18:27:49.537,402.602
459,28 Nov 2021 05:43:02.202,28 Nov 2021 05:47:02.906,240.704
460,28 Nov 2021 07:15:11.236,28 Nov 2021 07:22:16.298,425.062
461,28 Nov 2021 16:23:41.404,28 Nov 2021 16:27:34.797,233.393
462,28 Nov 2021 17:54:57.935,28 Nov 2021 18:02:09.366,431.431
463,29 Nov 2021 06:49:17.151,29 Nov 2021 06:56:32.479,435.328
464,29 Nov 2021 08:24:31.159,29 Nov 2021 08:26:54.234,143.074
465,29 Nov 2021 17:29:06.404,29 Nov 2021 17:36:19.403,432.999
466,29 Nov 2021 19:05:27.784,29 Nov 2021 19:07:36.333,128.549
467,30 Nov 2021 06:23:32.067,30 Nov 2021 06:30:32.032,419.965
468,30 Nov 2021 07:57:37.362,30 Nov 2021 08:02:34.976,297.615
469,30 Nov 2021 17:03:31.194,30 Nov 2021 17:10:20.723,409.529
470,30 Nov 2021 18:37:52.535,30 Nov 2021 18:43:04.270,311.734
471,1 Dec 2021 05:57:58.488,1 Dec 2021 06:04:12.325,373.837
472,1 Dec 2021 07:31:18.206,1 Dec 2021 07:37:33.414,375.209
473,1 Dec 2021 16:38:13.557,1 Dec 2021 16:44:12.055,358.498
474,1 Dec 2021 18:11:13.970,1 Dec 2021 18:17:43.729,389.759
475,2 Dec 2021 05:32:44.928,2 Dec 2021 05:37:24.624,279.696
476,2 Dec 2021 07:05:12.500,2 Dec 2021 07:12:10.791,418.291
477,2 Dec 2021 16:13:19.450,2 Dec 2021 16:17:47.484,268.034
478,2 Dec 2021 17:44:59.876,2 Dec 2021 17:52:06.628,426.751
479,3 Dec 2021 06:39:16.163,3 Dec 2021 06:46:31.206,435.043
480,3 Dec 2021 08:15:27.159,3 Dec 2021 08:15:47.502,20.343
481,3 Dec 2021 17:19:04.001,3 Dec 2021 17:26:19.016,435.014
482,4 Dec 2021 06:13:28.615,4 Dec 2021 06:20:35.224,426.610
483,4 Dec 2021 07:47:47.394,4 Dec 2021 07:52:16.216,268.822
484,4 Dec 2021 16:53:24.526,4 Dec 2021 17:00:22.624,418.098
485,4 Dec 2021 18:28:10.048,4 Dec 2021 18:32:50.614,280.566
486,5 Dec 2021 05:47:51.591,5 Dec 2021 05:54:20.996,389.405
487,5 Dec 2021 07:21:22.975,5 Dec 2021 07:27:21.910,358.935
488,5 Dec 2021 16:28:02.018,5 Dec 2021 16:34:16.846,374.828
489,5 Dec 2021 18:01:22.596,5 Dec 2021 18:07:36.859,374.263
490,6 Dec 2021 05:22:31.203,6 Dec 2021 05:27:42.231,311.027
491,6 Dec 2021 06:55:14.384,6 Dec 2021 07:02:04.150,409.766
492,6 Dec 2021 16:03:00.626,6 Dec 2021 16:07:57.570,296.944
493,6 Dec 2021 17:35:03.033,6 Dec 2021 17:42:03.189,420.157
494,7 Dec 2021 04:57:59.961,7 Dec 2021 05:00:06.098,126.136
495,7 Dec 2021 06:29:15.759,7 Dec 2021 06:36:28.829,433.070
496,7 Dec 2021 15:38:41.928,7 Dec 2021 15:41:03.266,141.338
497,7 Dec 2021 17:09:02.700,7 Dec 2021 17:16:18.041,435.342
498,8 Dec 2021 06:03:25.857,8 Dec 2021 06:10:37.190,431.333
499,8 Dec 2021 07:38:00.006,8 Dec 2021 07:41:54.358,234.352
500,8 Dec 2021 16:43:18.990,8 Dec 2021 16:50:23.905,424.914
501,8 Dec 2021 18:18:31.640,8 Dec 2021 18:22:33.452,241.812
502,9 Dec 2021 05:37:45.755,9 Dec 2021 05:44:28.065,402.310
503,9 Dec 2021 07:11:28.742,9 Dec 2021 07:17:08.889,340.148
504,9 Dec 2021 16:17:51.860,9 Dec 2021 16:24:20.771,388.911
505,9 Dec 2021 17:51:33.015,9 Dec 2021 17:57:28.741,355.726
506,10 Dec 2021 05:12:19.939,10 Dec 2021 05:17:56.812,336.873
507,10 Dec 2021 06:45:16.927,10 Dec 2021 06:51:56.335,399.409
508,10 Dec 2021 15:52:44.185,10 Dec 2021 15:58:05.793,321.608
509,10 Dec 2021 17:25:07.475,10 Dec 2021 17:31:58.998,411.523
510,11 Dec 2021 04:47:26.355,11 Dec 2021 04:50:45.202,198.847
511,11 Dec 2021 06:19:15.937,11 Dec 2021 06:26:25.359,429.422
512,11 Dec 2021 15:28:08.562,11 Dec 2021 15:31:26.411,197.849
513,11 Dec 2021 16:59:02.515,11 Dec 2021 17:06:16.467,433.952
514,12 Dec 2021 05:53:23.746,12 Dec 2021 06:00:37.991,434.245
515,12 Dec 2021 07:28:16.668,12 Dec 2021 07:31:27.925,191.257
516,12 Dec 2021 16:33:14.567,12 Dec 2021 16:40:24.587,430.020
517,12 Dec 2021 18:08:59.630,12 Dec 2021 18:12:10.460,190.830
518,13 Dec 2021 05:27:40.848,13 Dec 2021 05:34:33.677,412.829
519,13 Dec 2021 07:01:35.705,13 Dec 2021 07:06:54.156,318.451
520,13 Dec 2021 16:07:42.992,13 Dec 2021 16:14:23.926,400.934
521,13 Dec 2021 17:41:45.494,13 Dec 2021 17:47:19.108,333.614
522,14 Dec 2021 05:02:10.533,14 Dec 2021 05:08:08.992,358.458
523,14 Dec 2021 06:35:20.181,14 Dec 2021 06:41:47.294,387.112
524,14 Dec 2021 15:42:29.704,14 Dec 2021 15:48:12.575,342.871
525,14 Dec 2021 17:15:13.277,14 Dec 2021 17:21:53.968,400.691
526,15 Dec 2021 04:37:04.398,15 Dec 2021 04:41:12.082,247.683
527,15 Dec 2021 06:09:16.703,15 Dec 2021 06:16:20.786,424.083
528,15 Dec 2021 15:17:42.895,15 Dec 2021 15:21:42.380,239.484
529,15 Dec 2021 16:49:03.472,15 Dec 2021 16:56:14.276,430.804
530,16 Dec 2021 05:43:22.257,16 Dec 2021 05:50:37.654,435.398
531,16 Dec 2021 07:18:41.415,16 Dec 2021 07:20:52.886,131.470
532,16 Dec 2021 16:23:11.246,16 Dec 2021 16:30:24.686,433.440
533,16 Dec 2021 17:59:41.856,16 Dec 2021 18:01:33.817,111.962
534,17 Dec 2021 05:17:36.764,17 Dec 2021 05:24:37.938,421.174
535,17 Dec 2021 06:51:44.151,17 Dec 2021 06:56:37.417,293.266
536,17 Dec 2021 15:57:35.341,17 Dec 2021 16:04:26.379,411.038
537,17 Dec 2021 17:32:00.450,17 Dec 2021 17:37:07.552,307.102
538,18 Dec 2021 04:52:02.598,18 Dec 2021 04:58:19.150,376.552
539,18 Dec 2021 06:25:24.221,18 Dec 2021 06:31:36.957,372.737
540,18 Dec 2021 15:32:16.897,18 Dec 2021 15:38:18.200,361.303
541,18 Dec 2021 17:05:20.558,18 Dec 2021 17:11:47.998,387.440
542,19 Dec 2021 04:26:47.807,19 Dec 2021 04:31:33.023,285.216
543,19 Dec 2021 05:59:18.068,19 Dec 2021 06:06:15.097,417.030
544,19 Dec 2021 15:07:21.522,19 Dec 2021 15:11:54.574,273.052
545,19 Dec 2021 16:39:05.608,19 Dec 2021 16:46:11.425,425.817
546,20 Dec 2021 05:33:21.363,20 Dec 2021 05:40:36.200,434.837
547,20 Dec 2021 14:43:34.073,20 Dec 2021 14:44:30.705,56.632
548,20 Dec 2021 16:13:09.021,20 Dec 2021 16:20:24.203,435.182
549,21 Dec 2021 05:07:33.427,21 Dec 2021 05:14:40.927,427.500
550,21 Dec 2021 06:41:54.538,21 Dec 2021 06:46:18.221,263.683
551,21 Dec 2021 15:47:28.858,21 Dec 2021 15:54:28.175,419.317
552,21 Dec 2021 17:22:18.532,21 Dec 2021 17:26:53.419,274.886
553,22 Dec 2021 04:41:55.884,22 Dec 2021 04:48:27.550,391.666
554,22 Dec 2021 06:15:29.139,22 Dec 2021 06:21:25.214,356.075
555,22 Dec 2021 15:22:05.589,22 Dec 2021 15:28:22.842,377.253
556,22 Dec 2021 16:55:29.458,22 Dec 2021 17:01:40.943,371.485
557,23 Dec 2021 04:16:34.539,23 Dec 2021 04:21:50.080,315.541
558,23 Dec 2021 05:49:20.058,23 Dec 2021 05:56:08.271,408.213
559,23 Dec 2021 14:57:03.122,23 Dec 2021 15:02:04.319,301.197
560,23 Dec 2021 16:29:08.967,23 Dec 2021 16:36:07.867,418.900
561,24 Dec 2021 03:51:58.338,24 Dec 2021 03:54:19.260,140.922
562,24 Dec 2021 05:23:21.054,24 Dec 2021 05:30:33.646,432.592
563,24 Dec 2021 14:32:40.994,24 Dec 2021 14:35:13.120,152.126
564,24 Dec 2021 16:03:07.899,24 Dec 2021 16:10:23.133,435.234
565,25 Dec 2021 04:57:30.777,25 Dec 2021 05:04:42.706,431.929
566,25 Dec 2021 06:32:07.677,25 Dec 2021 06:35:55.753,228.075
567,25 Dec 2021 15:37:23.507,25 Dec 2021 15:44:29.361,425.854
568,25 Dec 2021 17:12:40.949,25 Dec 2021 17:16:35.525,234.576
569,26 Dec 2021 04:31:50.207,26 Dec 2021 04:38:34.376,404.169
570,26 Dec 2021 06:05:35.087,26 Dec 2021 06:11:11.932,336.845
571,26 Dec 2021 15:11:55.645,26 Dec 2021 15:18:26.638,390.994
572,26 Dec 2021 16:45:40.189,26 Dec 2021 16:51:32.598,352.408
573,27 Dec 2021 04:06:23.608,27 Dec 2021 04:12:04.238,340.629
574,27 Dec 2021 05:39:22.709,27 Dec 2021 05:46:00.260,397.551
575,27 Dec 2021 14:46:47.022,27 Dec 2021 14:52:12.283,325.261
576,27 Dec 2021 16:19:13.622,27 Dec 2021 16:26:03.549,409.927
577,28 Dec 2021 03:41:27.587,28 Dec 2021 03:44:55.417,207.830
578,28 Dec 2021 05:13:21.326,28 Dec 2021 05:20:29.998,428.672
579,28 Dec 2021 14:22:09.327,28 Dec 2021 14:25:34.650,205.323
580,28 Dec 2021 15:53:07.898,28 Dec 2021 16:00:21.463,433.565
581,29 Dec 2021 04:47:28.769,29 Dec 2021 04:54:43.317,434.548
582,29 Dec 2021 06:22:25.246,29 Dec 2021 06:25:28.329,183.084
583,29 Dec 2021 15:27:19.261,29 Dec 2021 15:34:29.945,430.684
584,29 Dec 2021 17:03:10.403,29 Dec 2021 17:06:11.168,180.766
585,30 Dec 2021 04:21:45.442,30 Dec 2021 04:28:39.762,414.319
586,30 Dec 2021 05:55:42.271,30 Dec 2021 06:00:56.898,314.627
587,30 Dec 2021 15:01:46.981,30 Dec 2021 15:08:29.673,402.691
588,30 Dec 2021 16:35:53.039,30 Dec 2021 16:41:22.685,329.646
589,31 Dec 2021 03:56:14.461,31 Dec 2021 04:02:16.070,361.608
590,31 Dec 2021 05:29:26.087,31 Dec 2021 05:35:51.018,384.931
591,31 Dec 2021 14:36:32.826,31 Dec 2021 14:42:18.865,346.039
592,31 Dec 2021 16:09:19.657,31 Dec 2021 16:15:58.376,398.720
593,1 Jan 2022 03:31:06.733,1 Jan 2022 03:35:21.102,254.369
594,1 Jan 2022 05:03:22.189,1 Jan 2022 05:10:25.247,423.058
595,1 Jan 2022 14:11:44.497,1 Jan 2022 14:15:49.863,245.366
596,1 Jan 2022 15:43:09.044,1 Jan 2022 15:50:19.162,430.118
597,2 Jan 2022 04:37:27.377,2 Jan 2022 04:44:42.799,435.422
598,2 Jan 2022 06:12:52.277,2 Jan 2022 06:14:50.917,118.640
599,2 Jan 2022 15:17:16.116,2 Jan 2022 15:24:29.950,433.834
600,2 Jan 2022 16:53:57.533,2 Jan 2022 16:55:29.706,92.173
601,3 Jan 2022 04:11:41.479,3 Jan 2022 04:18:43.812,422.332
602,3 Jan 2022 05:45:50.989,3 Jan 2022 05:50:39.797,288.808
603,3 Jan 2022 14:51:39.518,3 Jan 2022 14:58:32.014,412.496
604,3 Jan 2022 16:26:08.444,3 Jan 2022 16:31:10.766,302.321
605,4 Jan 2022 03:46:06.738,4 Jan 2022 03:52:25.930,379.191
606,4 Jan 2022 05:19:30.258,4 Jan 2022 05:25:40.458,370.201
607,4 Jan 2022 14:26:20.273,4 Jan 2022 14:32:24.319,364.046
608,4 Jan 2022 15:59:27.188,4 Jan 2022 16:05:52.236,385.048
609,5 Jan 2022 03:20:50.773,5 Jan 2022 03:25:41.317,290.544
610,5 Jan 2022 04:53:23.651,5 Jan 2022 05:00:19.374,415.723
611,5 Jan 2022 14:01:23.668,5 Jan 2022 14:06:01.600,277.932
612,5 Jan 2022 15:33:11.373,5 Jan 2022 15:40:16.203,424.830
613,6 Jan 2022 04:27:26.578,6 Jan 2022 04:34:41.165,434.587
614,6 Jan 2022 13:37:26.514,6 Jan 2022 13:38:47.114,80.599
615,6 Jan 2022 15:07:14.068,6 Jan 2022 15:14:29.375,435.306
616,7 Jan 2022 04:01:38.257,7 Jan 2022 04:08:46.602,428.345
617,7 Jan 2022 05:36:01.752,7 Jan 2022 05:40:20.142,258.390
618,7 Jan 2022 14:41:33.220,7 Jan 2022 14:48:33.715,420.495
619,7 Jan 2022 16:16:27.129,7 Jan 2022 16:20:56.127,268.998
620,8 Jan 2022 03:36:00.206,8 Jan 2022 03:42:34.063,393.857
621,8 Jan 2022 05:09:35.332,8 Jan 2022 05:15:28.479,353.147
622,8 Jan 2022 14:16:09.195,8 Jan 2022 14:22:28.821,379.626
623,8 Jan 2022 15:49:36.371,8 Jan 2022 15:55:44.990,368.620
624,9 Jan 2022 03:10:37.934,9 Jan 2022 03:15:57.851,319.917
625,9 Jan 2022 04:43:25.746,9 Jan 2022 04:50:12.361,406.615
626,9 Jan 2022 13:51:05.677,9 Jan 2022 13:56:11.024,305.347
627,9 Jan 2022 15:23:14.936,9 Jan 2022 15:30:12.529,417.592
628,10 Jan 2022 02:45:57.495,10 Jan 2022 02:48:31.632,154.137
629,10 Jan 2022 04:17:26.364,10 Jan 2022 04:24:38.438,432.074
630,10 Jan 2022 13:26:40.462,10 Jan 2022 13:29:22.589,162.127
631,10 Jan 2022 14:57:13.127,10 Jan 2022 15:04:28.209,435.082
632,11 Jan 2022 03:51:35.714,11 Jan 2022 03:58:48.186,432.472
633,11 Jan 2022 05:26:15.456,11 Jan 2022 05:29:57.022,221.566
634,11 Jan 2022 14:31:28.047,11 Jan 2022 14:38:34.798,426.751
635,11 Jan 2022 16:06:50.432,11 Jan 2022 16:10:37.437,227.005
636,12 Jan 2022 03:25:54.682,12 Jan 2022 03:32:40.648,405.966
637,12 Jan 2022 04:59:41.464,12 Jan 2022 05:05:14.931,333.467
638,12 Jan 2022 14:05:59.462,12 Jan 2022 14:12:32.486,393.023
639,12 Jan 2022 15:39:47.422,12 Jan 2022 15:45:36.414,348.992
640,13 Jan 2022 03:00:27.324,13 Jan 2022 03:06:11.608,344.285
641,13 Jan 2022 04:33:28.510,13 Jan 2022 04:40:04.157,395.647
642,13 Jan 2022 13:40:49.908,13 Jan 2022 13:46:18.742,328.834
643,13 Jan 2022 15:13:19.808,13 Jan 2022 15:20:08.077,408.270
644,14 Jan 2022 02:35:29.054,14 Jan 2022 02:39:05.382,216.328
645,14 Jan 2022 04:07:26.730,14 Jan 2022 04:14:34.612,427.881
646,14 Jan 2022 13:16:10.260,14 Jan 2022 13:19:42.735,212.475
647,14 Jan 2022 14:47:13.314,14 Jan 2022 14:54:26.438,433.124
648,15 Jan 2022 03:41:33.808,15 Jan 2022 03:48:48.615,434.807
649,15 Jan 2022 05:16:34.043,15 Jan 2022 05:19:28.499,174.456
650,15 Jan 2022 14:21:23.982,15 Jan 2022 14:28:35.293,431.311
651,15 Jan 2022 15:57:21.549,15 Jan 2022 16:00:11.507,169.958
652,16 Jan 2022 03:15:50.054,16 Jan 2022 03:22:45.811,415.757
653,16 Jan 2022 04:49:48.868,16 Jan 2022 04:54:59.587,310.719
654,16 Jan 2022 13:55:50.998,16 Jan 2022 14:02:35.404,404.406
655,16 Jan 2022 15:30:00.650,16 Jan 2022 15:35:26.211,325.561
656,17 Jan 2022 02:50:18.427,17 Jan 2022 02:56:23.098,364.671
657,17 Jan 2022 04:23:32.010,17 Jan 2022 04:29:54.706,382.696
658,17 Jan 2022 13:30:35.991,17 Jan 2022 13:36:25.127,349.136
659,17 Jan 2022 15:03:26.078,17 Jan 2022 15:10:02.757,396.678
660,18 Jan 2022 02:25:09.186,18 Jan 2022 02:29:29.982,260.796
661,18 Jan 2022 03:57:27.689,18 Jan 2022 04:04:29.677,421.988
662,18 Jan 2022 13:05:46.198,18 Jan 2022 13:09:57.269,251.071
663,18 Jan 2022 14:37:14.645,18 Jan 2022 14:44:24.035,429.391
664,19 Jan 2022 03:31:32.513,19 Jan 2022 03:38:47.915,435.402
665,19 Jan 2022 05:07:03.967,19 Jan 2022 05:08:48.109,104.143
666,19 Jan 2022 14:11:21.015,19 Jan 2022 14:18:35.203,434.188
667,19 Jan 2022 15:48:16.225,19 Jan 2022 15:49:22.597,66.372
668,20 Jan 2022 03:05:46.215,20 Jan 2022 03:12:49.653,423.438
669,20 Jan 2022 04:39:57.879,20 Jan 2022 04:44:42.116,284.237
670,20 Jan 2022 13:45:43.726,20 Jan 2022 13:52:37.638,413.912
671,20 Jan 2022 15:20:16.528,20 Jan 2022 15:25:13.909,297.381
672,21 Jan 2022 02:40:10.912,21 Jan 2022 02:46:32.661,381.748
673,21 Jan 2022 04:13:36.319,21 Jan 2022 04:19:43.927,367.608
674,21 Jan 2022 13:20:23.688,21 Jan 2022 13:26:30.416,366.728
675,21 Jan 2022 14:53:33.864,21 Jan 2022 14:59:56.450,382.586
676,22 Jan 2022 02:14:53.821,22 Jan 2022 02:19:49.518,295.697
677,22 Jan 2022 03:47:29.252,22 Jan 2022 03:54:23.623,414.371
678,22 Jan 2022 12:55:25.888,22 Jan 2022 13:00:08.571,282.683
679,22 Jan 2022 14:27:17.171,22 Jan 2022 14:34:20.964,423.793
680,23 Jan 2022 01:50:49.899,23 Jan 2022 01:51:44.936,55.037
681,23 Jan 2022 03:21:31.810,23 Jan 2022 03:28:46.105,434.295
682,23 Jan 2022 12:31:21.841,23 Jan 2022 12:33:00.646,98.805
683,23 Jan 2022 14:01:19.147,23 Jan 2022 14:08:34.533,435.386
684,24 Jan 2022 02:55:43.109,24 Jan 2022 03:02:52.244,429.135
685,24 Jan 2022 04:30:09.042,24 Jan 2022 04:34:21.976,252.934
686,24 Jan 2022 13:35:37.615,24 Jan 2022 13:42:39.238,421.622
687,24 Jan 2022 15:10:35.845,24 Jan 2022 15:14:58.729,262.884
688,25 Jan 2022 02:30:04.554,25 Jan 2022 02:36:40.537,395.983
689,25 Jan 2022 04:03:41.553,25 Jan 2022 04:09:31.707,350.154
690,25 Jan 2022 13:10:12.838,25 Jan 2022 13:16:34.775,381.937
691,25 Jan 2022 14:43:43.333,25 Jan 2022 14:49:49.004,365.671
692,26 Jan 2022 02:04:41.390,26 Jan 2022 02:10:05.556,324.167
693,26 Jan 2022 03:37:31.453,26 Jan 2022 03:44:16.420,404.967
694,26 Jan 2022 12:45:08.294,26 Jan 2022 12:50:17.681,309.387
695,26 Jan 2022 14:17:20.940,26 Jan 2022 14:24:17.168,416.227
696,27 Jan 2022 01:39:57.235,27 Jan 2022 01:42:43.398,166.162
697,27 Jan 2022 03:11:31.689,27 Jan 2022 03:18:43.197,431.508
698,27 Jan 2022 12:20:40.263,27 Jan 2022 12:23:31.737,171.474
699,27 Jan 2022 13:51:18.386,27 Jan 2022 13:58:33.269,434.883
700,28 Jan 2022 02:45:40.668,28 Jan 2022 02:52:53.640,432.971
701,28 Jan 2022 04:20:23.358,28 Jan 2022 04:23:58.156,214.799
702,28 Jan 2022 13:25:32.621,28 Jan 2022 13:32:40.227,427.606
703,28 Jan 2022 15:01:00.109,28 Jan 2022 15:04:39.171,219.062
704,29 Jan 2022 02:19:59.181,29 Jan 2022 02:26:46.881,407.700
705,29 Jan 2022 03:53:47.873,29 Jan 2022 03:59:17.882,330.009
706,29 Jan 2022 13:00:03.313,29 Jan 2022 13:06:38.314,395.000
707,29 Jan 2022 14:33:54.712,29 Jan 2022 14:39:40.185,345.473
708,30 Jan 2022 01:54:31.084,30 Jan 2022 02:00:18.915,347.831
709,30 Jan 2022 03:27:34.330,30 Jan 2022 03:34:08.019,393.689
710,30 Jan 2022 12:34:52.842,30 Jan 2022 12:40:25.163,332.322
711,30 Jan 2022 14:07:26.030,30 Jan 2022 14:14:12.581,406.551
712,31 Jan 2022 01:29:30.729,31 Jan 2022 01:33:15.123,224.394
713,31 Jan 2022 03:01:32.151,31 Jan 2022 03:08:39.192,427.041
714,31 Jan 2022 12:10:11.343,31 Jan 2022 12:13:50.686,219.343
715,31 Jan 2022 13:41:18.751,31 Jan 2022 13:48:31.395,432.644
716,1 Feb 2022 02:35:38.863,1 Feb 2022 02:42:53.883,435.020
717,1 Feb 2022 04:10:43.087,1 Feb 2022 04:13:28.406,165.319
718,1 Feb 2022 13:15:28.733,1 Feb 2022 13:22:40.621,431.888
719,1 Feb 2022 14:51:33.147,1 Feb 2022 14:54:11.411,158.265
720,2 Feb 2022 02:09:54.687,2 Feb 2022 02:16:51.826,417.138
721,2 Feb 2022 03:43:55.510,2 Feb 2022 03:49:02.222,306.712
722,2 Feb 2022 12:49:55.047,2 Feb 2022 12:56:41.118,406.071
723,2 Feb 2022 14:24:08.331,2 Feb 2022 14:29:29.677,321.346
724,3 Feb 2022 01:44:22.431,3 Feb 2022 01:50:30.072,367.642
725,3 Feb 2022 03:17:37.954,3 Feb 2022 03:23:58.361,380.406
726,3 Feb 2022 12:24:39.199,3 Feb 2022 12:30:31.357,352.157
727,3 Feb 2022 13:57:32.540,3 Feb 2022 14:04:07.111,394.571
728,4 Feb 2022 01:19:11.759,4 Feb 2022 01:23:38.736,266.978
729,4 Feb 2022 02:51:33.206,4 Feb 2022 02:58:34.082,420.876
730,4 Feb 2022 11:59:47.996,4 Feb 2022 12:04:04.590,256.593
731,4 Feb 2022 13:31:20.278,4 Feb 2022 13:38:28.889,428.611
732,5 Feb 2022 02:25:37.666,5 Feb 2022 02:32:53.003,435.337
733,5 Feb 2022 04:01:16.904,5 Feb 2022 04:02:44.042,87.138
734,5 Feb 2022 13:05:25.944,5 Feb 2022 13:12:40.439,434.494
735,5 Feb 2022 14:42:47.076,5 Feb 2022 14:43:03.348,16.272
736,6 Feb 2022 01:59:50.974,6 Feb 2022 02:06:55.463,424.489
737,6 Feb 2022 03:34:04.825,6 Feb 2022 03:38:44.363,279.537
738,6 Feb 2022 12:39:47.967,6 Feb 2022 12:46:43.246,415.279
739,6 Feb 2022 14:14:24.702,6 Feb 2022 14:19:16.979,292.277
740,7 Feb 2022 01:34:15.117,7 Feb 2022 01:40:39.351,384.234
741,7 Feb 2022 03:07:42.406,7 Feb 2022 03:13:47.354,364.948
742,7 Feb 2022 12:14:27.143,7 Feb 2022 12:20:36.488,369.346
743,7 Feb 2022 13:47:40.584,7 Feb 2022 13:54:00.632,380.048
744,8 Feb 2022 01:08:56.945,8 Feb 2022 01:13:57.630,300.685
745,8 Feb 2022 02:41:34.867,8 Feb 2022 02:48:27.842,412.975
746,8 Feb 2022 11:49:28.180,8 Feb 2022 11:54:15.484,287.304
747,8 Feb 2022 13:21:23.002,8 Feb 2022 13:28:25.705,422.703
748,9 Feb 2022 00:44:40.989,9 Feb 2022 00:46:05.436,84.447
749,9 Feb 2022 02:15:37.057,9 Feb 2022 02:22:51.014,433.957
750,9 Feb 2022 11:25:18.663,9 Feb 2022 11:27:12.705,114.041
751,9 Feb 2022 12:55:24.254,9 Feb 2022 13:02:39.675,435.421
752,10 Feb 2022 01:49:47.976,10 Feb 2022 01:56:57.855,429.880
753,10 Feb 2022 03:24:16.413,10 Feb 2022 03:28:23.715,247.302
754,10 Feb 2022 12:29:42.037,10 Feb 2022 12:36:44.745,422.708
755,10 Feb 2022 14:04:44.687,10 Feb 2022 14:09:01.223,256.536
756,11 Feb 2022 01:24:08.927,11 Feb 2022 01:30:46.970,398.042
757,11 Feb 2022 02:57:47.803,11 Feb 2022 03:03:34.887,347.085
758,11 Feb 2022 12:04:16.513,11 Feb 2022 12:10:40.705,384.192
759,11 Feb 2022 13:37:50.345,11 Feb 2022 13:43:52.981,362.636
760,12 Feb 2022 00:58:44.899,12 Feb 2022 01:04:13.191,328.292
761,12 Feb 2022 02:31:37.177,12 Feb 2022 02:38:20.448,403.271
762,12 Feb 2022 11:39:10.963,12 Feb 2022 11:44:24.302,313.339
763,12 Feb 2022 13:11:26.982,12 Feb 2022 13:18:21.785,414.803
764,13 Feb 2022 00:33:57.446,13 Feb 2022 00:36:54.686,177.240
765,13 Feb 2022 02:05:37.030,13 Feb 2022 02:12:47.928,430.898
766,13 Feb 2022 11:14:40.346,13 Feb 2022 11:17:40.618,180.271
767,13 Feb 2022 12:45:23.674,13 Feb 2022 12:52:38.313,434.639
768,14 Feb 2022 01:39:45.639,14 Feb 2022 01:46:59.063,433.424
769,14 Feb 2022 03:14:31.392,14 Feb 2022 03:17:59.149,207.756
770,14 Feb 2022 12:19:37.224,14 Feb 2022 12:26:45.635,428.411
771,14 Feb 2022 13:55:10.001,14 Feb 2022 13:58:40.705,210.704
772,15 Feb 2022 01:14:03.704,15 Feb 2022 01:20:53.082,409.379
773,15 Feb 2022 02:47:54.317,15 Feb 2022 02:53:20.783,326.466
774,15 Feb 2022 11:54:07.197,15 Feb 2022 12:00:44.121,396.924
775,15 Feb 2022 13:28:02.061,15 Feb 2022 13:33:43.916,341.855
776,16 Feb 2022 00:48:34.889,16 Feb 2022 00:54:26.164,351.274
777,16 Feb 2022 02:21:40.169,16 Feb 2022 02:28:11.849,391.680
778,16 Feb 2022 11:28:55.823,16 Feb 2022 11:34:31.557,335.734
779,16 Feb 2022 13:01:32.291,16 Feb 2022 13:08:17.062,404.771
780,17 Feb 2022 00:23:32.590,17 Feb 2022 00:27:24.667,232.077
781,17 Feb 2022 01:55:37.588,17 Feb 2022 02:02:43.745,426.156
782,17 Feb 2022 11:04:12.567,17 Feb 2022 11:07:58.513,225.946
783,17 Feb 2022 12:35:24.226,17 Feb 2022 12:42:36.342,432.116
784,18 Feb 2022 01:29:43.936,18 Feb 2022 01:36:59.124,435.188
785,18 Feb 2022 03:04:52.434,18 Feb 2022 03:07:28.000,155.566
786,18 Feb 2022 12:09:33.514,18 Feb 2022 12:16:45.938,432.424
787,18 Feb 2022 13:45:45.310,18 Feb 2022 13:48:10.771,145.460
788,19 Feb 2022 01:03:59.339,19 Feb 2022 01:10:57.809,418.469
789,19 Feb 2022 02:38:02.198,19 Feb 2022 02:43:04.801,302.603
790,19 Feb 2022 11:43:59.128,19 Feb 2022 11:50:46.816,407.688
791,19 Feb 2022 13:18:16.086,19 Feb 2022 13:23:33.097,317.010
792,20 Feb 2022 00:38:26.471,20 Feb 2022 00:44:37.004,370.533
793,20 Feb 2022 02:11:43.924,20 Feb 2022 02:18:01.978,378.054
794,20 Feb 2022 11:18:42.451,20 Feb 2022 11:24:37.563,355.112
795,20 Feb 2022 12:51:39.041,20 Feb 2022 12:58:11.441,392.399
796,21 Feb 2022 00:13:14.437,21 Feb 2022 00:17:47.372,272.935
797,21 Feb 2022 01:45:38.738,21 Feb 2022 01:52:38.456,419.717
798,21 Feb 2022 10:53:49.887,21 Feb 2022 10:58:11.835,261.948
799,21 Feb 2022 12:25:25.945,21 Feb 2022 12:32:33.730,427.785
800,22 Feb 2022 01:19:42.835,22 Feb 2022 01:26:58.063,435.228
801,22 Feb 2022 02:55:32.057,22 Feb 2022 02:56:37.750,65.692
802,22 Feb 2022 11:59:30.903,22 Feb 2022 12:06:45.663,434.759
803,23 Feb 2022 00:53:55.749,23 Feb 2022 01:01:01.240,425.491
804,23 Feb 2022 02:28:11.832,23 Feb 2022 02:32:46.539,274.708
805,23 Feb 2022 11:33:52.237,23 Feb 2022 11:40:48.839,416.602
806,23 Feb 2022 13:08:32.969,23 Feb 2022 13:13:19.972,287.003
807,24 Feb 2022 00:28:19.351,24 Feb 2022 00:34:45.997,386.646
808,24 Feb 2022 02:01:48.518,24 Feb 2022 02:07:50.749,362.231
809,24 Feb 2022 11:08:30.635,24 Feb 2022 11:14:42.539,371.904
810,24 Feb 2022 12:41:47.350,24 Feb 2022 12:48:04.783,377.433
811,25 Feb 2022 00:03:00.142,25 Feb 2022 00:08:05.656,305.514
812,25 Feb 2022 01:35:40.502,25 Feb 2022 01:42:32.036,411.534
813,25 Feb 2022 10:43:30.539,25 Feb 2022 10:48:22.344,291.805
814,25 Feb 2022 12:15:28.864,25 Feb 2022 12:22:30.428,421.564
815,25 Feb 2022 23:38:36.121,25 Feb 2022 23:40:21.883,105.762
816,26 Feb 2022 01:09:42.320,26 Feb 2022 01:16:55.898,433.578
817,26 Feb 2022 10:19:16.448,26 Feb 2022 10:21:23.820,127.372
818,26 Feb 2022 11:49:29.391,26 Feb 2022 11:56:44.802,435.411
819,27 Feb 2022 00:43:52.860,27 Feb 2022 00:51:03.437,430.576
820,27 Feb 2022 02:18:23.870,27 Feb 2022 02:22:25.354,241.484
821,27 Feb 2022 11:23:46.488,27 Feb 2022 11:30:50.238,423.749
822,27 Feb 2022 12:58:53.668,27 Feb 2022 13:03:03.594,249.925
823,28 Feb 2022 00:18:13.327,28 Feb 2022 00:24:53.362,400.035
824,28 Feb 2022 01:51:54.082,28 Feb 2022 01:57:38.027,343.945
825,28 Feb 2022 10:58:20.222,28 Feb 2022 11:04:46.618,386.396
826,28 Feb 2022 12:31:57.409,28 Feb 2022 12:37:56.921,359.512
827,28 Feb 2022 23:52:48.464,28 Feb 2022 23:58:20.759,332.295
828,1 Mar 2022 01:25:42.919,1 Mar 2022 01:32:24.448,401.528
829,1 Mar 2022 10:33:13.687,1 Mar 2022 10:38:30.880,317.193
830,1 Mar 2022 12:05:33.057,1 Mar 2022 12:12:26.383,413.327
831,1 Mar 2022 23:27:58.045,1 Mar 2022 23:31:05.574,187.529
832,2 Mar 2022 00:59:42.387,2 Mar 2022 01:06:52.636,430.249
833,2 Mar 2022 10:08:40.671,2 Mar 2022 10:11:49.271,188.600
834,2 Mar 2022 11:39:28.993,2 Mar 2022 11:46:43.344,434.351
835,3 Mar 2022 00:33:50.629,3 Mar 2022 00:41:04.458,433.829
836,3 Mar 2022 02:08:39.577,3 Mar 2022 02:11:59.978,200.401
837,3 Mar 2022 11:13:41.859,3 Mar 2022 11:20:51.032,429.174
838,3 Mar 2022 12:49:20.135,3 Mar 2022 12:52:42.016,201.881
839,4 Mar 2022 00:08:08.250,4 Mar 2022 00:14:59.246,410.996
840,4 Mar 2022 01:42:00.798,4 Mar 2022 01:47:23.644,322.847
841,4 Mar 2022 10:48:11.115,4 Mar 2022 10:54:49.915,398.800
842,4 Mar 2022 12:22:09.471,4 Mar 2022 12:27:47.600,338.128
843,4 Mar 2022 23:42:38.737,4 Mar 2022 23:48:33.361,354.624
844,5 Mar 2022 01:15:46.030,5 Mar 2022 01:22:15.646,389.616
845,5 Mar 2022 10:22:58.855,5 Mar 2022 10:28:37.916,339.061
846,5 Mar 2022 11:55:38.591,5 Mar 2022 12:02:21.523,402.932
847,5 Mar 2022 23:17:34.616,5 Mar 2022 23:21:34.032,239.417
848,6 Mar 2022 00:49:43.043,6 Mar 2022 00:56:48.277,425.234
849,6 Mar 2022 09:58:13.923,6 Mar 2022 10:02:06.225,232.302
850,6 Mar 2022 11:29:29.732,6 Mar 2022 11:36:41.273,431.540
851,7 Mar 2022 00:23:49.025,7 Mar 2022 00:31:04.335,435.310
852,7 Mar 2022 01:59:02.148,7 Mar 2022 02:01:27.213,145.065
853,7 Mar 2022 11:03:38.324,7 Mar 2022 11:10:51.241,432.917
854,7 Mar 2022 12:39:58.192,7 Mar 2022 12:42:09.427,131.234
855,7 Mar 2022 23:58:04.015,8 Mar 2022 00:05:03.756,419.740
856,8 Mar 2022 01:32:08.932,8 Mar 2022 01:37:07.318,298.386
857,8 Mar 2022 10:38:03.237,8 Mar 2022 10:44:52.496,409.259
858,8 Mar 2022 12:12:23.919,8 Mar 2022 12:17:36.452,312.533
859,8 Mar 2022 23:32:30.544,8 Mar 2022 23:38:43.883,373.339
860,9 Mar 2022 01:05:49.914,9 Mar 2022 01:12:05.563,375.649
861,9 Mar 2022 10:12:45.744,9 Mar 2022 10:18:43.742,357.998
862,9 Mar 2022 11:45:45.583,9 Mar 2022 11:52:15.743,390.160
863,9 Mar 2022 23:07:17.212,9 Mar 2022 23:11:55.894,278.682
864,10 Mar 2022 00:39:44.289,10 Mar 2022 00:46:42.803,418.514
865,10 Mar 2022 09:47:51.864,10 Mar 2022 09:52:19.004,267.140
866,10 Mar 2022 11:19:31.640,10 Mar 2022 11:26:38.549,426.909
867,11 Mar 2022 00:13:48.019,11 Mar 2022 00:21:03.094,435.075
868,11 Mar 2022 01:49:53.395,11 Mar 2022 01:50:25.251,31.856
869,11 Mar 2022 10:53:35.891,11 Mar 2022 11:00:50.871,434.980
870,11 Mar 2022 23:48:00.542,11 Mar 2022 23:55:06.980,426.438
871,12 Mar 2022 01:22:18.900,12 Mar 2022 01:26:48.641,269.740
872,12 Mar 2022 10:27:56.537,12 Mar 2022 10:34:54.415,417.879
873,12 Mar 2022 12:02:41.334,12 Mar 2022 12:07:22.881,281.546
874,12 Mar 2022 23:22:23.614,12 Mar 2022 23:28:52.603,388.989
875,13 Mar 2022 00:55:54.655,13 Mar 2022 01:01:54.102,359.447
876,13 Mar 2022 10:02:34.164,13 Mar 2022 10:08:48.561,374.397
877,13 Mar 2022 11:35:54.162,13 Mar 2022 11:42:08.905,374.743
878,13 Mar 2022 22:57:03.406,13 Mar 2022 23:02:13.600,310.195
879,14 Mar 2022 00:29:46.154,14 Mar 2022 00:36:36.196,410.041
880,14 Mar 2022 09:37:32.963,14 Mar 2022 09:42:29.151,296.188
881,14 Mar 2022 11:09:34.761,14 Mar 2022 11:16:35.133,420.371
882,14 Mar 2022 22:32:33.158,14 Mar 2022 22:34:36.410,123.252
883,15 Mar 2022 00:03:47.599,15 Mar 2022 00:11:00.751,433.152
884,15 Mar 2022 09:13:14.908,15 Mar 2022 09:15:34.263,139.354
885,15 Mar 2022 10:43:34.558,15 Mar 2022 10:50:49.914,435.356
886,15 Mar 2022 23:37:57.766,15 Mar 2022 23:45:08.986,431.221
887,16 Mar 2022 01:12:31.421,16 Mar 2022 01:16:26.888,235.467
888,16 Mar 2022 10:17:50.970,16 Mar 2022 10:24:55.715,424.745
889,16 Mar 2022 11:53:02.789,16 Mar 2022 11:57:05.839,243.049
890,16 Mar 2022 23:12:17.750,16 Mar 2022 23:18:59.719,401.969
891,17 Mar 2022 00:46:00.394,17 Mar 2022 00:51:41.128,340.734
892,17 Mar 2022 09:52:23.969,17 Mar 2022 09:58:52.509,388.540
893,17 Mar 2022 11:26:04.525,17 Mar 2022 11:32:00.827,356.302
894,17 Mar 2022 22:46:52.079,17 Mar 2022 22:52:28.261,336.182
895,18 Mar 2022 00:19:48.679,18 Mar 2022 00:26:28.417,399.739
896,18 Mar 2022 09:27:16.463,18 Mar 2022 09:32:37.421,320.959
897,18 Mar 2022 10:59:39.168,18 Mar 2022 11:06:30.962,411.794
898,18 Mar 2022 22:21:58.959,18 Mar 2022 22:25:16.129,197.170
899,18 Mar 2022 23:53:47.760,19 Mar 2022 00:00:57.311,429.550
900,19 Mar 2022 09:02:41.215,19 Mar 2022 09:05:57.722,196.506
901,19 Mar 2022 10:33:34.343,19 Mar 2022 10:40:48.358,434.015
902,19 Mar 2022 23:27:55.636,19 Mar 2022 23:35:09.821,434.185
903,20 Mar 2022 01:02:47.931,20 Mar 2022 01:06:00.626,192.695
904,20 Mar 2022 10:07:46.516,20 Mar 2022 10:14:56.412,429.896
905,20 Mar 2022 11:43:30.540,20 Mar 2022 11:46:43.075,192.535
906,20 Mar 2022 23:02:12.818,20 Mar 2022 23:09:05.371,412.553
907,21 Mar 2022 00:36:07.317,21 Mar 2022 00:41:26.450,319.133
908,21 Mar 2022 09:42:15.066,21 Mar 2022 09:48:55.686,400.621
909,21 Mar 2022 11:16:16.944,21 Mar 2022 11:21:51.242,334.298
910,21 Mar 2022 22:36:42.625,21 Mar 2022 22:42:40.505,357.880
911,22 Mar 2022 00:09:51.912,22 Mar 2022 00:16:19.413,387.501
912,22 Mar 2022 09:17:01.928,22 Mar 2022 09:22:44.240,342.313
913,22 Mar 2022 10:49:44.929,22 Mar 2022 10:56:25.959,401.030
914,22 Mar 2022 22:11:36.789,22 Mar 2022 22:15:43.235,246.446
915,22 Mar 2022 23:43:48.510,22 Mar 2022 23:50:52.774,424.265
916,23 Mar 2022 08:52:15.396,23 Mar 2022 08:56:13.829,238.433
917,23 Mar 2022 10:23:35.267,23 Mar 2022 10:30:46.185,430.918
918,23 Mar 2022 23:17:54.129,23 Mar 2022 23:25:09.517,435.388
919,24 Mar 2022 00:53:12.313,24 Mar 2022 00:55:25.967,133.654
920,24 Mar 2022 09:57:43.164,24 Mar 2022 10:04:56.530,433.366
921,24 Mar 2022 11:34:12.055,24 Mar 2022 11:36:07.120,115.065
922,24 Mar 2022 22:52:08.711,24 Mar 2022 22:59:09.670,420.959
923,25 Mar 2022 00:26:15.714,25 Mar 2022 00:31:09.776,294.062
924,25 Mar 2022 09:32:07.381,25 Mar 2022 09:38:58.155,410.774
925,25 Mar 2022 11:06:31.819,25 Mar 2022 11:11:39.748,307.929
926,25 Mar 2022 22:26:34.651,25 Mar 2022 22:32:50.717,376.067
927,25 Mar 2022 23:59:55.927,26 Mar 2022 00:06:09.115,373.188
928,26 Mar 2022 09:06:49.079,26 Mar 2022 09:12:49.895,360.816
929,26 Mar 2022 10:39:52.166,26 Mar 2022 10:46:20.018,387.852
930,26 Mar 2022 22:01:20.079,26 Mar 2022 22:06:04.312,284.233
931,26 Mar 2022 23:33:49.856,26 Mar 2022 23:40:47.117,417.261
932,27 Mar 2022 08:41:53.923,27 Mar 2022 08:46:26.108,272.185
933,27 Mar 2022 10:13:37.369,27 Mar 2022 10:20:43.348,425.979
934,27 Mar 2022 23:07:53.219,27 Mar 2022 23:15:08.096,434.878
935,28 Mar 2022 08:18:08.733,28 Mar 2022 08:19:00.031,51.297
936,28 Mar 2022 09:47:40.907,28 Mar 2022 09:54:56.063,435.156
937,28 Mar 2022 22:42:05.353,28 Mar 2022 22:49:12.694,427.341
938,29 Mar 2022 00:16:26.035,29 Mar 2022 00:20:50.662,264.627
939,29 Mar 2022 09:22:00.866,29 Mar 2022 09:28:59.976,419.110
940,29 Mar 2022 10:56:49.803,29 Mar 2022 11:01:25.700,275.897
941,29 Mar 2022 22:16:27.905,29 Mar 2022 22:22:59.167,391.262
942,29 Mar 2022 23:50:00.818,29 Mar 2022 23:55:57.416,356.598
943,30 Mar 2022 08:56:37.730,30 Mar 2022 09:02:54.567,376.837
944,30 Mar 2022 10:30:01.019,30 Mar 2022 10:36:12.997,371.978
945,30 Mar 2022 21:51:06.730,30 Mar 2022 21:56:21.463,314.733
946,30 Mar 2022 23:23:51.824,30 Mar 2022 23:30:40.322,408.498
947,31 Mar 2022 08:31:35.450,31 Mar 2022 08:36:35.912,300.461
948,31 Mar 2022 10:03:40.693,31 Mar 2022 10:10:39.817,419.123
949,31 Mar 2022 21:26:31.368,31 Mar 2022 21:28:49.747,138.379
950,31 Mar 2022 22:57:52.893,31 Mar 2022 23:05:05.575,432.681
951,1 Apr 2022 08:07:13.895,1 Apr 2022 08:09:44.199,150.304
952,1 Apr 2022 09:37:39.755,1 Apr 2022 09:44:55.011,435.256
953,1 Apr 2022 22:32:02.685,1 Apr 2022 22:39:14.510,431.825
954,2 Apr 2022 00:06:39.078,2 Apr 2022 00:10:28.307,229.229
955,2 Apr 2022 09:11:55.484,2 Apr 2022 09:19:01.172,425.687
956,2 Apr 2022 10:47:12.072,2 Apr 2022 10:51:07.940,235.869
957,2 Apr 2022 22:06:22.200,2 Apr 2022 22:13:06.037,403.837
958,2 Apr 2022 23:40:06.734,2 Apr 2022 23:45:44.183,337.449
959,3 Apr 2022 08:46:27.750,3 Apr 2022 08:52:58.382,390.632
960,3 Apr 2022 10:20:11.697,3 Apr 2022 10:26:04.693,352.997
961,3 Apr 2022 21:40:55.741,3 Apr 2022 21:46:35.701,339.960
962,3 Apr 2022 23:13:54.460,3 Apr 2022 23:20:32.352,397.892
963,4 Apr 2022 08:21:19.293,4 Apr 2022 08:26:43.918,324.625
964,4 Apr 2022 09:53:45.310,4 Apr 2022 10:00:35.519,410.209
965,4 Apr 2022 21:16:00.145,4 Apr 2022 21:19:26.392,206.247
966,4 Apr 2022 22:47:53.149,4 Apr 2022 22:55:01.959,428.810
967,5 Apr 2022 07:56:41.952,5 Apr 2022 08:00:05.990,204.038
968,5 Apr 2022 09:27:39.722,5 Apr 2022 09:34:53.358,433.637
969,5 Apr 2022 22:22:00.659,5 Apr 2022 22:29:15.157,434.498
970,5 Apr 2022 23:56:56.474,6 Apr 2022 00:00:01.069,184.595
971,6 Apr 2022 09:01:51.207,6 Apr 2022 09:09:01.777,430.570
972,6 Apr 2022 10:37:41.254,6 Apr 2022 10:40:43.839,182.584
973,6 Apr 2022 21:56:17.410,6 Apr 2022 22:03:11.464,414.054
974,6 Apr 2022 23:30:13.877,6 Apr 2022 23:35:29.200,315.324
975,7 Apr 2022 08:36:19.052,7 Apr 2022 08:43:01.437,402.386
976,7 Apr 2022 10:10:24.479,7 Apr 2022 10:15:54.831,330.351
977,7 Apr 2022 21:30:46.548,7 Apr 2022 21:36:47.594,361.046
978,7 Apr 2022 23:03:57.814,7 Apr 2022 23:10:23.145,385.332
979,8 Apr 2022 08:11:05.047,8 Apr 2022 08:16:50.536,345.490
980,8 Apr 2022 09:43:51.304,8 Apr 2022 09:50:30.375,399.071
981,8 Apr 2022 21:05:39.101,8 Apr 2022 21:09:52.285,253.184
982,8 Apr 2022 22:37:53.994,8 Apr 2022 22:44:57.241,423.247
983,9 Apr 2022 07:46:16.980,9 Apr 2022 07:50:21.335,244.355
984,9 Apr 2022 09:17:40.833,9 Apr 2022 09:24:51.079,430.246
985,9 Apr 2022 22:11:59.249,9 Apr 2022 22:19:14.670,435.421
986,9 Apr 2022 23:47:23.059,9 Apr 2022 23:49:24.126,121.067
987,10 Apr 2022 08:51:48.031,10 Apr 2022 08:59:01.799,433.768
988,10 Apr 2022 10:28:27.395,10 Apr 2022 10:30:03.351,95.955
989,10 Apr 2022 21:46:13.425,10 Apr 2022 21:53:15.552,422.127
990,10 Apr 2022 23:20:22.546,10 Apr 2022 23:25:12.172,289.626
991,11 Apr 2022 08:26:11.556,11 Apr 2022 08:33:03.798,412.243
992,11 Apr 2022 10:00:39.805,11 Apr 2022 10:05:42.977,303.172
993,11 Apr 2022 21:20:38.788,11 Apr 2022 21:26:57.509,378.721
994,11 Apr 2022 22:54:01.963,11 Apr 2022 23:00:12.626,370.664
995,12 Apr 2022 08:00:52.451,12 Apr 2022 08:06:56.020,363.569
996,12 Apr 2022 09:33:58.792,12 Apr 2022 09:40:24.265,385.473
997,12 Apr 2022 20:55:23.032,12 Apr 2022 21:00:12.628,289.597
998,12 Apr 2022 22:27:55.439,12 Apr 2022 22:34:51.402,415.962
999,13 Apr 2022 07:35:56.059,13 Apr 2022 07:40:33.150,277.091
1000,13 Apr 2022 09:07:43.131,13 Apr 2022 09:14:48.138,425.007
1001,13 Apr 2022 22:01:58.434,13 Apr 2022 22:09:13.070,434.635
1002,14 Apr 2022 07:12:00.329,14 Apr 2022 07:13:17.292,76.963
1003,14 Apr 2022 08:41:45.953,14 Apr 2022 08:49:01.241,435.288
1004,14 Apr 2022 21:36:10.183,14 Apr 2022 21:43:18.380,428.197
1005,14 Apr 2022 23:10:33.241,14 Apr 2022 23:14:52.598,259.358
1006,15 Apr 2022 08:16:05.226,15 Apr 2022 08:23:05.517,420.291
1007,15 Apr 2022 09:50:58.382,15 Apr 2022 09:55:28.427,270.045
1008,15 Apr 2022 21:10:32.224,15 Apr 2022 21:17:05.691,393.467
1009,15 Apr 2022 22:44:07.010,15 Apr 2022 22:50:00.690,353.680
1010,16 Apr 2022 07:50:41.334,16 Apr 2022 07:57:00.548,379.214
1011,16 Apr 2022 09:24:07.926,16 Apr 2022 09:30:17.055,369.129
1012,16 Apr 2022 20:45:10.116,16 Apr 2022 20:50:29.259,319.143
1013,16 Apr 2022 22:17:57.517,16 Apr 2022 22:24:44.422,406.905
1014,17 Apr 2022 07:25:37.999,17 Apr 2022 07:30:42.626,304.627
1015,17 Apr 2022 08:57:46.659,17 Apr 2022 09:04:44.485,417.826
1016,17 Apr 2022 20:20:30.399,17 Apr 2022 20:23:02.254,151.855
1017,17 Apr 2022 21:51:58.203,17 Apr 2022 21:59:10.375,432.171
1018,18 Apr 2022 07:01:13.308,18 Apr 2022 07:03:53.729,160.421
1019,18 Apr 2022 08:31:44.981,18 Apr 2022 08:39:00.093,435.112
1020,18 Apr 2022 21:26:07.621,18 Apr 2022 21:33:20.002,432.381
1021,18 Apr 2022 23:00:46.841,18 Apr 2022 23:04:29.599,222.758
1022,19 Apr 2022 08:06:00.021,19 Apr 2022 08:13:06.619,426.598
1023,19 Apr 2022 09:41:21.524,19 Apr 2022 09:45:09.886,228.363
1024,19 Apr 2022 21:00:26.672,19 Apr 2022 21:07:12.319,405.647
1025,19 Apr 2022 22:34:13.108,19 Apr 2022 22:39:47.189,334.081
1026,20 Apr 2022 07:40:31.564,20 Apr 2022 07:47:04.235,392.670
1027,20 Apr 2022 09:14:18.919,20 Apr 2022 09:20:08.519,349.600
1028,20 Apr 2022 20:34:59.449,20 Apr 2022 20:40:43.082,343.633
1029,20 Apr 2022 22:08:00.260,20 Apr 2022 22:14:36.254,395.994
1030,21 Apr 2022 07:15:22.173,21 Apr 2022 07:20:50.386,328.213
1031,21 Apr 2022 08:47:51.491,21 Apr 2022 08:54:40.052,408.561
1032,21 Apr 2022 20:10:01.571,21 Apr 2022 20:13:36.404,214.833
1033,21 Apr 2022 21:41:58.554,21 Apr 2022 21:49:06.580,428.025
1034,22 Apr 2022 06:50:42.860,22 Apr 2022 06:54:14.100,211.240
1035,22 Apr 2022 08:21:45.130,22 Apr 2022 08:28:58.338,433.208
1036,22 Apr 2022 21:16:05.696,22 Apr 2022 21:23:20.459,434.764
1037,22 Apr 2022 22:51:05.234,22 Apr 2022 22:54:01.282,176.048
1038,23 Apr 2022 07:55:55.925,23 Apr 2022 08:03:07.130,431.205
1039,23 Apr 2022 09:31:52.329,23 Apr 2022 09:34:44.250,171.920
1040,23 Apr 2022 20:50:22.019,23 Apr 2022 20:57:17.521,415.502
1041,23 Apr 2022 22:24:20.476,23 Apr 2022 22:29:31.898,311.422
1042,24 Apr 2022 07:30:23.065,24 Apr 2022 07:37:07.173,404.108
1043,24 Apr 2022 09:04:32.080,24 Apr 2022 09:09:58.368,326.288
1044,24 Apr 2022 20:24:50.508,24 Apr 2022 20:30:54.635,364.127
1045,24 Apr 2022 21:58:03.738,24 Apr 2022 22:04:26.840,383.102
1046,25 Apr 2022 07:05:08.207,25 Apr 2022 07:10:56.805,348.598
1047,25 Apr 2022 08:37:57.721,25 Apr 2022 08:44:34.761,397.041
1048,25 Apr 2022 19:59:41.533,25 Apr 2022 20:04:01.194,259.661
1049,25 Apr 2022 21:31:59.494,25 Apr 2022 21:39:01.678,422.184
1050,26 Apr 2022 06:40:18.668,26 Apr 2022 06:44:28.752,250.084
1051,26 Apr 2022 08:11:46.432,26 Apr 2022 08:18:55.955,429.523
1052,26 Apr 2022 21:06:04.384,26 Apr 2022 21:13:19.793,435.409
1053,26 Apr 2022 22:41:34.582,26 Apr 2022 22:43:21.489,106.907
1054,27 Apr 2022 07:45:52.927,27 Apr 2022 07:53:07.056,434.128
1055,27 Apr 2022 09:22:45.358,27 Apr 2022 09:23:56.973,71.615
1056,27 Apr 2022 20:40:18.159,27 Apr 2022 20:47:21.402,423.242
1057,27 Apr 2022 22:14:29.430,27 Apr 2022 22:19:14.500,285.070
1058,28 Apr 2022 07:20:15.760,28 Apr 2022 07:27:09.426,413.666
1059,28 Apr 2022 08:54:47.874,28 Apr 2022 08:59:46.136,298.262
1060,28 Apr 2022 20:14:42.957,28 Apr 2022 20:21:04.251,381.294
1061,28 Apr 2022 21:48:08.023,28 Apr 2022 21:54:16.101,368.079
1062,29 Apr 2022 06:54:55.862,29 Apr 2022 07:01:02.123,366.260
1063,29 Apr 2022 08:28:05.461,29 Apr 2022 08:34:28.487,383.026
1064,29 Apr 2022 19:49:26.064,29 Apr 2022 19:54:20.849,294.785
1065,29 Apr 2022 21:22:01.039,29 Apr 2022 21:28:55.657,414.617
1066,30 Apr 2022 06:29:58.271,30 Apr 2022 06:34:40.127,281.856
1067,30 Apr 2022 08:01:48.924,30 Apr 2022 08:08:52.904,423.980
1068,30 Apr 2022 19:25:25.253,30 Apr 2022 19:26:13.092,47.839
1069,30 Apr 2022 20:56:03.665,30 Apr 2022 21:03:18.016,434.351
1070,1 May 2022 06:05:55.312,1 May 2022 06:07:31.170,95.858
1071,1 May 2022 07:35:51.028,1 May 2022 07:43:06.403,435.375
1072,1 May 2022 20:30:15.033,1 May 2022 20:37:24.028,428.996
1073,1 May 2022 22:04:40.522,1 May 2022 22:08:54.447,253.925
1074,2 May 2022 07:10:09.618,2 May 2022 07:17:11.043,421.425
1075,2 May 2022 08:45:07.075,2 May 2022 08:49:31.055,263.979
1076,2 May 2022 20:04:36.566,2 May 2022 20:11:12.174,395.607
1077,2 May 2022 21:38:13.229,2 May 2022 21:44:03.925,350.696
1078,3 May 2022 06:44:44.972,3 May 2022 06:51:06.505,381.533
1079,3 May 2022 08:18:14.878,3 May 2022 08:24:21.077,366.198
1080,3 May 2022 19:39:13.560,3 May 2022 19:44:36.975,323.415
1081,3 May 2022 21:12:03.221,3 May 2022 21:18:48.485,405.263
1082,4 May 2022 06:19:40.605,4 May 2022 06:24:49.288,308.682
1083,4 May 2022 07:51:52.656,4 May 2022 07:58:49.129,416.472
1084,4 May 2022 19:14:30.037,4 May 2022 19:17:14.123,164.085
1085,4 May 2022 20:46:03.527,4 May 2022 20:53:15.140,431.613
1086,5 May 2022 05:55:13.056,5 May 2022 05:58:02.925,169.869
1087,5 May 2022 07:25:50.235,5 May 2022 07:33:05.156,434.922
1088,5 May 2022 20:20:12.572,5 May 2022 20:27:25.458,432.885
1089,5 May 2022 21:54:54.724,5 May 2022 21:58:30.756,216.032
1090,6 May 2022 07:00:04.591,6 May 2022 07:07:12.050,427.459
1091,6 May 2022 08:35:31.163,6 May 2022 08:39:11.657,220.494
1092,6 May 2022 19:54:31.167,6 May 2022 20:01:18.560,407.394
1093,6 May 2022 21:28:19.514,6 May 2022 21:33:50.149,330.634
1094,7 May 2022 06:34:35.411,7 May 2022 06:41:10.066,394.655
1095,7 May 2022 08:08:26.199,7 May 2022 08:14:12.302,346.104
1096,7 May 2022 19:29:03.201,7 May 2022 19:34:50.405,347.204
1097,7 May 2022 21:02:06.078,7 May 2022 21:08:40.122,394.044
1098,8 May 2022 06:09:25.100,8 May 2022 06:14:56.812,331.711
1099,8 May 2022 07:41:57.708,8 May 2022 07:48:44.565,406.858
1100,8 May 2022 19:04:03.208,8 May 2022 19:07:46.188,222.980
1101,8 May 2022 20:36:03.971,8 May 2022 20:43:11.166,427.194
1102,9 May 2022 05:44:43.922,9 May 2022 05:48:22.073,218.151
1103,9 May 2022 07:15:50.569,9 May 2022 07:23:03.301,432.733
1104,9 May 2022 20:10:10.749,9 May 2022 20:17:25.735,434.985
1105,9 May 2022 21:45:14.238,9 May 2022 21:48:01.237,166.999
1106,10 May 2022 06:50:00.672,10 May 2022 06:57:12.461,431.789
1107,10 May 2022 08:26:03.841,10 May 2022 08:28:44.244,160.403
1108,10 May 2022 19:44:26.650,10 May 2022 19:51:23.545,416.895
1109,10 May 2022 21:18:27.114,10 May 2022 21:23:34.546,307.432
1110,11 May 2022 06:24:27.110,11 May 2022 06:31:12.891,405.781
1111,11 May 2022 07:58:39.749,11 May 2022 08:04:01.850,322.101
1112,11 May 2022 19:18:54.504,11 May 2022 19:25:01.620,367.116
1113,11 May 2022 20:52:09.684,11 May 2022 20:58:30.501,380.817
1114,12 May 2022 05:59:11.411,12 May 2022 06:05:03.039,351.628
1115,12 May 2022 07:32:04.174,12 May 2022 07:38:39.124,394.951
1116,12 May 2022 18:53:44.083,12 May 2022 18:58:09.975,265.892
1117,12 May 2022 20:26:05.010,12 May 2022 20:33:06.086,421.076
1118,13 May 2022 05:34:20.454,13 May 2022 05:38:36.084,255.630
1119,13 May 2022 07:05:52.061,13 May 2022 07:13:00.814,428.752
1120,13 May 2022 20:00:09.535,13 May 2022 20:07:24.887,435.352
1121,13 May 2022 21:35:47.259,13 May 2022 21:37:17.683,90.423
1122,14 May 2022 06:39:57.852,14 May 2022 06:47:12.295,434.443
1123,14 May 2022 08:17:11.142,14 May 2022 08:17:42.788,31.646
1124,14 May 2022 19:34:22.914,14 May 2022 19:41:27.216,424.302
1125,14 May 2022 21:08:36.371,14 May 2022 21:13:16.757,280.386
1126,15 May 2022 06:14:19.998,15 May 2022 06:21:15.037,415.040
1127,15 May 2022 07:48:56.030,15 May 2022 07:53:49.224,293.194
1128,15 May 2022 19:08:47.154,15 May 2022 19:15:10.951,383.796
1129,15 May 2022 20:42:14.107,15 May 2022 20:48:19.538,365.431
1130,16 May 2022 05:48:59.311,16 May 2022 05:55:08.197,368.885
1131,16 May 2022 07:22:12.173,16 May 2022 07:28:32.676,380.503
1132,16 May 2022 18:43:29.172,16 May 2022 18:48:28.979,299.808
1133,16 May 2022 20:16:06.653,16 May 2022 20:22:59.881,413.228
1134,17 May 2022 05:24:00.552,17 May 2022 05:28:47.045,286.492
1135,17 May 2022 06:55:54.749,17 May 2022 07:02:57.650,422.900
1136,17 May 2022 18:19:14.960,17 May 2022 18:20:34.983,80.023
1137,17 May 2022 19:50:08.909,17 May 2022 19:57:22.930,434.020
1138,18 May 2022 04:59:51.931,18 May 2022 05:01:43.429,111.498
1139,18 May 2022 06:29:56.130,18 May 2022 06:37:11.548,435.418
1140,18 May 2022 19:24:19.895,18 May 2022 19:31:29.644,429.749
1141,18 May 2022 20:58:47.880,18 May 2022 21:02:56.198,248.318
1142,19 May 2022 06:04:14.034,19 May 2022 06:11:16.553,422.519
1143,19 May 2022 07:39:15.891,19 May 2022 07:43:33.572,257.681
1144,19 May 2022 18:58:40.934,19 May 2022 19:05:18.613,397.680
1145,19 May 2022 20:32:19.474,19 May 2022 20:38:07.113,347.639
1146,20 May 2022 05:38:48.642,20 May 2022 05:45:12.437,383.795
1147,20 May 2022 07:12:21.880,20 May 2022 07:18:25.061,363.181
1148,20 May 2022 18:33:17.058,20 May 2022 18:38:44.624,327.566
1149,20 May 2022 20:06:08.943,20 May 2022 20:12:52.520,403.577
1150,21 May 2022 05:13:43.266,21 May 2022 05:18:55.914,312.648
1151,21 May 2022 06:45:58.692,21 May 2022 06:52:53.751,415.059
1152,21 May 2022 18:08:30.171,21 May 2022 18:11:25.493,175.322
1153,21 May 2022 19:40:08.865,21 May 2022 19:47:19.878,431.014
1154,22 May 2022 04:49:13.097,22 May 2022 04:52:11.841,178.744
1155,22 May 2022 06:19:55.517,22 May 2022 06:27:10.203,434.686
1156,22 May 2022 19:14:17.540,22 May 2022 19:21:30.887,433.347
1157,22 May 2022 20:49:02.736,22 May 2022 20:52:31.772,209.036
1158,23 May 2022 05:54:09.187,23 May 2022 06:01:17.460,428.273
1159,23 May 2022 07:29:41.012,23 May 2022 07:33:13.232,212.220
1160,23 May 2022 18:48:35.684,23 May 2022 18:55:24.764,409.080
1161,23 May 2022 20:22:25.953,23 May 2022 20:27:53.058,327.105
1162,24 May 2022 05:28:39.290,24 May 2022 05:35:15.875,396.586
1163,24 May 2022 07:02:33.536,24 May 2022 07:08:16.041,342.505
1164,24 May 2022 18:23:06.996,24 May 2022 18:28:57.664,350.667
1165,24 May 2022 19:56:11.915,24 May 2022 20:02:43.956,392.042
1166,25 May 2022 05:03:28.075,25 May 2022 05:09:03.209,335.135
1167,25 May 2022 06:36:03.961,25 May 2022 06:42:49.053,405.092
1168,25 May 2022 17:58:05.034,25 May 2022 18:01:55.768,230.735
1169,25 May 2022 19:30:09.406,25 May 2022 19:37:15.723,426.317
1170,26 May 2022 04:38:45.125,26 May 2022 04:42:29.917,224.792
1171,26 May 2022 06:09:56.036,26 May 2022 06:17:08.249,432.213
1172,26 May 2022 19:04:15.818,26 May 2022 19:11:30.980,435.162
1173,26 May 2022 20:39:23.532,26 May 2022 20:42:00.884,157.352
1174,27 May 2022 05:44:05.448,27 May 2022 05:51:17.783,432.335
1175,27 May 2022 07:20:15.890,27 May 2022 07:22:43.716,147.826
1176,27 May 2022 18:38:31.300,27 May 2022 18:45:29.533,418.234
1177,27 May 2022 20:12:33.791,27 May 2022 20:17:37.133,303.341
1178,28 May 2022 05:18:31.186,28 May 2022 05:25:18.590,407.404
1179,28 May 2022 06:52:47.489,28 May 2022 06:58:05.280,317.791
1180,28 May 2022 18:12:58.535,28 May 2022 18:19:08.561,370.025
1181,28 May 2022 19:46:15.647,28 May 2022 19:52:34.126,378.479
1182,29 May 2022 04:53:14.656,29 May 2022 04:59:09.247,354.591
1183,29 May 2022 06:26:10.668,29 May 2022 06:32:43.458,392.790
1184,29 May 2022 17:47:46.738,29 May 2022 17:52:18.628,271.890
1185,29 May 2022 19:20:10.539,29 May 2022 19:27:10.465,419.927
1186,30 May 2022 04:28:22.331,30 May 2022 04:32:43.336,261.005
1187,30 May 2022 05:59:57.720,30 May 2022 06:07:05.656,427.936
1188,30 May 2022 18:54:14.700,30 May 2022 19:01:29.950,435.251
1189,30 May 2022 20:30:01.902,30 May 2022 20:31:11.894,69.993
1190,31 May 2022 05:34:02.804,31 May 2022 05:41:17.520,434.716
1191,31 May 2022 18:28:27.683,31 May 2022 18:35:33.000,425.317
1192,31 May 2022 20:02:43.367,31 May 2022 20:07:18.942,275.575
1193,1 Jun 2022 05:08:24.261,1 Jun 2022 05:15:20.630,416.369
1194,1 Jun 2022 06:43:04.276,1 Jun 2022 06:47:52.232,287.955
1195,1 Jun 2022 18:02:51.380,1 Jun 2022 18:09:17.603,386.222
1196,1 Jun 2022 19:36:20.214,1 Jun 2022 19:42:22.933,362.719
1197,2 Jun 2022 04:43:02.796,2 Jun 2022 04:49:14.249,371.453
1198,2 Jun 2022 06:16:18.928,2 Jun 2022 06:22:36.833,377.905
1199,2 Jun 2022 17:37:32.350,2 Jun 2022 17:42:37.020,304.669
1200,2 Jun 2022 19:10:12.284,2 Jun 2022 19:17:04.078,411.795
1201,3 Jun 2022 04:18:02.900,3 Jun 2022 04:22:53.911,291.011
1202,3 Jun 2022 05:50:00.603,3 Jun 2022 05:57:02.374,421.771
1203,3 Jun 2022 17:13:09.599,3 Jun 2022 17:14:51.915,102.315
1204,3 Jun 2022 18:44:14.168,3 Jun 2022 18:51:27.817,433.649
1205,4 Jun 2022 03:53:49.569,4 Jun 2022 03:55:54.681,125.112
1206,4 Jun 2022 05:24:01.260,4 Jun 2022 05:31:16.676,435.416
1207,4 Jun 2022 18:18:24.775,4 Jun 2022 18:25:35.232,430.457
1208,4 Jun 2022 19:52:55.323,4 Jun 2022 19:56:57.855,242.532
1209,5 Jun 2022 04:58:18.480,5 Jun 2022 05:05:22.047,423.567
1210,5 Jun 2022 06:33:24.844,5 Jun 2022 06:37:35.968,251.124
1211,5 Jun 2022 17:52:45.328,5 Jun 2022 17:59:25.013,399.686
1212,5 Jun 2022 19:26:25.749,5 Jun 2022 19:32:10.256,344.508
1213,6 Jun 2022 04:32:52.344,6 Jun 2022 04:39:18.352,386.008
1214,6 Jun 2022 06:06:28.934,6 Jun 2022 06:12:29.008,360.075
1215,6 Jun 2022 17:27:20.610,6 Jun 2022 17:32:52.202,331.592
1216,6 Jun 2022 19:00:14.682,6 Jun 2022 19:06:56.523,401.841
1217,7 Jun 2022 04:07:45.983,7 Jun 2022 04:13:02.496,316.513
1218,7 Jun 2022 05:40:04.759,7 Jun 2022 05:46:58.352,413.594
1219,7 Jun 2022 17:02:30.694,7 Jun 2022 17:05:36.450,185.756
1220,7 Jun 2022 18:34:14.218,7 Jun 2022 18:41:24.585,430.367
1221,8 Jun 2022 03:43:13.383,8 Jun 2022 03:46:20.531,187.148
1222,8 Jun 2022 05:14:00.830,8 Jun 2022 05:21:15.236,434.406
1223,8 Jun 2022 18:08:22.525,8 Jun 2022 18:15:36.286,433.761
1224,8 Jun 2022 19:43:10.896,8 Jun 2022 19:46:32.622,201.726
1225,9 Jun 2022 04:48:13.813,9 Jun 2022 04:55:22.858,429.045
1226,9 Jun 2022 06:23:51.097,9 Jun 2022 06:27:14.586,203.489
1227,9 Jun 2022 17:42:40.224,9 Jun 2022 17:49:30.934,410.710
1228,9 Jun 2022 19:16:32.428,9 Jun 2022 19:21:55.924,323.496
1229,10 Jun 2022 04:22:43.201,10 Jun 2022 04:29:21.670,398.469
1230,10 Jun 2022 05:56:40.933,10 Jun 2022 06:02:19.734,338.801
1231,10 Jun 2022 17:17:10.833,10 Jun 2022 17:23:04.870,354.037
1232,10 Jun 2022 18:50:17.772,10 Jun 2022 18:56:47.758,389.986
1233,11 Jun 2022 03:57:31.096,11 Jun 2022 04:03:09.571,338.475
1234,11 Jun 2022 05:30:10.252,11 Jun 2022 05:36:53.517,403.265
1235,11 Jun 2022 16:52:07.026,11 Jun 2022 16:56:05.165,238.139
1236,11 Jun 2022 18:24:14.856,11 Jun 2022 18:31:20.258,425.402
1237,12 Jun 2022 03:32:46.460,12 Jun 2022 03:36:37.643,231.183
1238,12 Jun 2022 05:04:01.535,12 Jun 2022 05:11:13.182,431.647
1239,12 Jun 2022 17:58:20.903,12 Jun 2022 18:05:36.194,435.292
1240,12 Jun 2022 19:33:33.178,12 Jun 2022 19:36:00.167,146.988
1241,13 Jun 2022 04:38:10.251,13 Jun 2022 04:45:23.083,432.832
1242,13 Jun 2022 06:14:28.617,13 Jun 2022 06:16:42.517,133.899
1243,13 Jun 2022 17:32:35.966,13 Jun 2022 17:39:35.484,419.518
1244,13 Jun 2022 19:06:40.517,13 Jun 2022 19:11:39.657,299.141
1245,14 Jun 2022 04:12:35.288,14 Jun 2022 04:19:24.266,408.978
1246,14 Jun 2022 05:46:55.300,14 Jun 2022 05:52:08.644,313.344
1247,14 Jun 2022 17:07:02.600,14 Jun 2022 17:13:15.448,372.848
1248,14 Jun 2022 18:40:21.631,14 Jun 2022 18:46:37.710,376.079
1249,15 Jun 2022 03:47:17.940,15 Jun 2022 03:53:15.427,357.487
1250,15 Jun 2022 05:20:17.199,15 Jun 2022 05:26:47.765,390.566
1251,15 Jun 2022 16:41:49.493,15 Jun 2022 16:46:27.170,277.678
1252,15 Jun 2022 18:14:16.084,15 Jun 2022 18:21:14.815,418.731
1253,16 Jun 2022 03:22:24.292,16 Jun 2022 03:26:50.515,266.223
1254,16 Jun 2022 04:54:03.407,16 Jun 2022 05:01:10.475,427.068
1255,16 Jun 2022 17:48:19.879,16 Jun 2022 17:55:34.985,435.106
1256,16 Jun 2022 19:24:21.312,16 Jun 2022 19:25:01.329,40.018
1257,17 Jun 2022 04:28:07.784,17 Jun 2022 04:35:22.728,434.944
1258,17 Jun 2022 17:22:32.470,17 Jun 2022 17:29:38.748,426.278
1259,17 Jun 2022 18:56:50.423,17 Jun 2022 19:01:21.053,270.630
1260,18 Jun 2022 04:02:28.553,18 Jun 2022 04:09:26.207,417.654
1261,18 Jun 2022 05:37:12.620,18 Jun 2022 05:41:55.155,282.535
1262,18 Jun 2022 16:56:55.636,18 Jun 2022 17:03:24.214,388.578
1263,18 Jun 2022 18:30:26.345,18 Jun 2022 18:36:26.291,359.946
1264,19 Jun 2022 03:37:06.317,19 Jun 2022 03:43:20.273,373.956
1265,19 Jun 2022 05:10:25.729,19 Jun 2022 05:16:40.958,375.229
1266,19 Jun 2022 16:31:35.603,19 Jun 2022 16:36:44.976,309.374
1267,19 Jun 2022 18:04:17.931,19 Jun 2022 18:11:08.237,410.306
1268,20 Jun 2022 03:12:05.311,20 Jun 2022 03:17:00.725,295.413
1269,20 Jun 2022 04:44:06.493,20 Jun 2022 04:51:07.079,420.586
1270,20 Jun 2022 16:07:06.365,20 Jun 2022 16:09:06.712,120.347
1271,20 Jun 2022 17:38:19.442,20 Jun 2022 17:45:32.673,433.231
1272,21 Jun 2022 02:47:47.928,21 Jun 2022 02:50:05.227,137.299
1273,21 Jun 2022 04:18:06.420,21 Jun 2022 04:25:21.789,435.369
1274,21 Jun 2022 17:12:29.673,21 Jun 2022 17:19:40.788,431.115
1275,21 Jun 2022 18:47:02.856,21 Jun 2022 18:50:59.405,236.550
1276,22 Jun 2022 03:52:22.954,22 Jun 2022 03:59:27.524,424.570
1277,22 Jun 2022 05:27:33.936,22 Jun 2022 05:31:38.235,244.299
1278,22 Jun 2022 16:46:49.744,22 Jun 2022 16:53:31.374,401.630
1279,22 Jun 2022 18:20:32.052,22 Jun 2022 18:26:13.362,341.310
1280,23 Jun 2022 03:26:56.084,23 Jun 2022 03:33:24.244,388.161
1281,23 Jun 2022 05:00:36.042,23 Jun 2022 05:06:32.920,356.878
1282,23 Jun 2022 16:21:24.214,23 Jun 2022 16:26:59.715,335.502
1283,23 Jun 2022 17:54:20.436,23 Jun 2022 18:01:00.492,400.056
1284,24 Jun 2022 03:01:48.749,24 Jun 2022 03:07:09.042,320.292
1285,24 Jun 2022 04:34:10.860,24 Jun 2022 04:41:02.933,412.072
1286,24 Jun 2022 15:56:31.554,24 Jun 2022 15:59:47.054,195.500
1287,24 Jun 2022 17:28:19.586,24 Jun 2022 17:35:29.264,429.678
1288,25 Jun 2022 02:37:13.891,25 Jun 2022 02:40:29.010,195.119
1289,25 Jun 2022 04:08:06.171,25 Jun 2022 04:15:20.250,434.079
1290,25 Jun 2022 17:02:27.527,25 Jun 2022 17:09:41.651,434.125
1291,25 Jun 2022 18:37:19.218,25 Jun 2022 18:40:33.304,194.086
1292,26 Jun 2022 03:42:18.467,26 Jun 2022 03:49:28.241,429.774
1293,26 Jun 2022 05:18:01.445,26 Jun 2022 05:21:15.691,194.245
1294,26 Jun 2022 16:36:44.785,26 Jun 2022 16:43:37.066,412.281
1295,26 Jun 2022 18:10:38.939,26 Jun 2022 18:15:58.736,319.797
1296,27 Jun 2022 03:16:47.144,27 Jun 2022 03:23:27.442,400.299
1297,27 Jun 2022 04:50:48.390,27 Jun 2022 04:56:23.382,334.991
1298,27 Jun 2022 16:11:14.712,27 Jun 2022 16:17:12.021,357.308
1299,27 Jun 2022 17:44:23.647,27 Jun 2022 17:50:51.527,387.880
1300,28 Jun 2022 02:51:34.162,28 Jun 2022 02:57:15.897,341.735
1301,28 Jun 2022 04:24:16.580,28 Jun 2022 04:30:57.958,401.378
1302,28 Jun 2022 15:46:09.171,28 Jun 2022 15:50:14.393,245.221
1303,28 Jun 2022 17:18:20.318,28 Jun 2022 17:25:24.756,424.438
1304,29 Jun 2022 02:26:47.910,29 Jun 2022 02:30:45.261,237.352
1305,29 Jun 2022 03:58:07.061,29 Jun 2022 04:05:18.094,431.033
1306,29 Jun 2022 16:52:26.001,29 Jun 2022 16:59:41.379,435.378
1307,29 Jun 2022 18:27:43.255,29 Jun 2022 18:29:59.005,135.751
1308,30 Jun 2022 03:32:15.082,30 Jun 2022 03:39:28.371,433.289
1309,30 Jun 2022 05:08:42.275,30 Jun 2022 05:10:40.408,118.134
1310,30 Jun 2022 16:26:40.655,30 Jun 2022 16:33:41.401,420.746
1311,30 Jun 2022 18:00:47.287,30 Jun 2022 18:05:42.124,294.837
1312,1 Jul 2022 03:06:39.424,1 Jul 2022 03:13:29.933,410.509
1313,1 Jul 2022 04:41:03.192,1 Jul 2022 04:46:11.950,308.758
1314,1 Jul 2022 16:01:06.698,1 Jul 2022 16:07:22.286,375.588
1315,1 Jul 2022 17:34:27.637,1 Jul 2022 17:40:41.266,373.629
1316,2 Jul 2022 02:41:21.264,2 Jul 2022 02:47:21.582,360.318
1317,2 Jul 2022 04:14:23.772,2 Jul 2022 04:20:52.042,388.270
1318,2 Jul 2022 15:35:52.342,2 Jul 2022 15:40:35.604,283.261
1319,2 Jul 2022 17:08:21.646,2 Jul 2022 17:15:19.133,417.487
1320,3 Jul 2022 02:16:26.334,3 Jul 2022 02:20:57.629,271.295
1321,3 Jul 2022 03:48:09.128,3 Jul 2022 03:55:15.282,426.153
1322,3 Jul 2022 16:42:25.074,3 Jul 2022 16:49:39.990,434.916
1323,4 Jul 2022 01:52:43.791,4 Jul 2022 01:53:28.967,45.176
1324,4 Jul 2022 03:22:12.794,4 Jul 2022 03:29:27.921,435.127
1325,4 Jul 2022 16:16:37.277,4 Jul 2022 16:23:44.462,427.185
1326,4 Jul 2022 17:50:57.543,4 Jul 2022 17:55:23.089,265.545
1327,5 Jul 2022 02:56:32.876,5 Jul 2022 03:03:31.769,418.893
1328,5 Jul 2022 04:31:21.069,5 Jul 2022 04:35:57.989,276.921
1329,5 Jul 2022 15:50:59.921,5 Jul 2022 15:57:30.784,390.863
1330,5 Jul 2022 17:24:32.501,5 Jul 2022 17:30:29.610,357.109
1331,6 Jul 2022 02:31:09.876,6 Jul 2022 02:37:26.277,376.401
1332,6 Jul 2022 04:04:32.576,6 Jul 2022 04:10:45.054,372.478
1333,6 Jul 2022 15:25:38.915,6 Jul 2022 15:30:52.854,313.938
1334,6 Jul 2022 16:58:23.596,6 Jul 2022 17:05:12.371,408.775
1335,7 Jul 2022 02:06:07.786,7 Jul 2022 02:11:07.492,299.705
1336,7 Jul 2022 03:38:12.416,7 Jul 2022 03:45:11.767,419.350
1337,7 Jul 2022 15:01:04.397,7 Jul 2022 15:03:20.226,135.829
1338,7 Jul 2022 16:32:24.732,7 Jul 2022 16:39:37.500,432.768
1339,8 Jul 2022 01:41:46.829,8 Jul 2022 01:44:15.239,148.410
1340,8 Jul 2022 03:12:11.610,8 Jul 2022 03:19:26.887,435.277
1341,8 Jul 2022 16:06:34.590,8 Jul 2022 16:13:46.311,431.722
1342,8 Jul 2022 17:41:10.491,8 Jul 2022 17:45:00.843,230.352
1343,9 Jul 2022 02:46:27.461,9 Jul 2022 02:53:32.987,425.525
1344,9 Jul 2022 04:21:43.186,9 Jul 2022 04:25:40.362,237.175
1345,9 Jul 2022 15:40:54.187,9 Jul 2022 15:47:37.697,403.510
1346,9 Jul 2022 17:14:38.389,9 Jul 2022 17:20:16.424,338.035
1347,10 Jul 2022 02:20:59.857,10 Jul 2022 02:27:30.119,390.262
1348,10 Jul 2022 03:54:43.198,10 Jul 2022 04:00:36.791,353.593
1349,10 Jul 2022 15:15:27.866,10 Jul 2022 15:21:07.163,339.297
1350,10 Jul 2022 16:48:26.211,10 Jul 2022 16:55:04.434,398.222
1351,11 Jul 2022 01:55:51.568,11 Jul 2022 02:01:15.543,323.975
1352,11 Jul 2022 03:28:16.994,11 Jul 2022 03:35:07.492,410.498
1353,11 Jul 2022 14:50:32.694,11 Jul 2022 14:53:57.366,204.673
1354,11 Jul 2022 16:22:24.974,11 Jul 2022 16:29:33.915,428.940
1355,12 Jul 2022 01:31:14.592,12 Jul 2022 01:34:37.309,202.717
1356,12 Jul 2022 03:02:11.542,12 Jul 2022 03:09:25.251,433.709
1357,12 Jul 2022 15:56:32.544,12 Jul 2022 16:03:46.990,434.446
1358,12 Jul 2022 17:31:27.721,12 Jul 2022 17:34:33.785,186.063
1359,13 Jul 2022 02:36:23.150,13 Jul 2022 02:43:33.607,430.457
1360,13 Jul 2022 04:12:12.099,13 Jul 2022 04:15:16.511,184.412
1361,13 Jul 2022 15:30:49.371,13 Jul 2022 15:37:43.162,413.791
1362,13 Jul 2022 17:04:45.489,13 Jul 2022 17:10:01.495,316.006
1363,14 Jul 2022 02:10:51.121,14 Jul 2022 02:17:33.196,402.075
1364,14 Jul 2022 03:44:55.912,14 Jul 2022 03:50:26.977,331.065
1365,14 Jul 2022 15:05:18.626,14 Jul 2022 15:11:19.116,360.489
1366,14 Jul 2022 16:38:29.542,14 Jul 2022 16:44:55.261,385.719
1367,15 Jul 2022 01:45:37.269,15 Jul 2022 01:51:22.197,344.927
1368,15 Jul 2022 03:18:22.946,15 Jul 2022 03:25:02.371,399.425
1369,15 Jul 2022 14:40:11.459,15 Jul 2022 14:44:23.462,252.002
1370,15 Jul 2022 16:12:25.797,15 Jul 2022 16:19:29.228,423.432
1371,16 Jul 2022 01:20:49.472,16 Jul 2022 01:24:52.784,243.313
1372,16 Jul 2022 02:52:12.619,16 Jul 2022 02:59:22.988,430.368
1373,16 Jul 2022 15:46:31.116,16 Jul 2022 15:53:46.535,435.418
1374,16 Jul 2022 17:21:53.871,16 Jul 2022 17:23:57.285,123.414
1375,17 Jul 2022 02:26:19.942,17 Jul 2022 02:33:33.641,433.699
1376,17 Jul 2022 04:02:57.295,17 Jul 2022 04:04:36.948,99.652
1377,17 Jul 2022 15:20:45.365,17 Jul 2022 15:27:47.287,421.922
1378,17 Jul 2022 16:54:54.106,17 Jul 2022 16:59:44.531,290.425
1379,18 Jul 2022 02:00:43.591,18 Jul 2022 02:07:35.575,411.984
1380,18 Jul 2022 03:35:11.157,18 Jul 2022 03:40:15.187,304.031
1381,18 Jul 2022 14:55:10.830,18 Jul 2022 15:01:29.084,378.255
1382,18 Jul 2022 16:28:33.666,18 Jul 2022 16:34:44.785,371.118
1383,19 Jul 2022 01:35:24.629,19 Jul 2022 01:41:27.711,363.083
1384,19 Jul 2022 03:08:30.389,19 Jul 2022 03:14:56.292,385.902
1385,19 Jul 2022 14:29:55.280,19 Jul 2022 14:34:43.935,288.654
1386,19 Jul 2022 16:02:27.224,19 Jul 2022 16:09:23.421,416.197
1387,20 Jul 2022 01:10:28.454,20 Jul 2022 01:15:04.678,276.223
1388,20 Jul 2022 02:42:14.883,20 Jul 2022 02:49:20.068,425.185
1389,20 Jul 2022 15:36:30.285,20 Jul 2022 15:43:44.967,434.682
1390,21 Jul 2022 00:46:34.272,21 Jul 2022 00:47:47.330,73.058
1391,21 Jul 2022 02:16:17.833,21 Jul 2022 02:23:33.100,435.267
1392,21 Jul 2022 15:10:42.102,21 Jul 2022 15:17:50.151,428.049
1393,21 Jul 2022 16:45:04.733,21 Jul 2022 16:49:25.037,260.304
1394,22 Jul 2022 01:50:37.228,22 Jul 2022 01:57:37.311,420.083
1395,22 Jul 2022 03:25:29.626,22 Jul 2022 03:30:00.733,271.108
1396,22 Jul 2022 14:45:04.233,22 Jul 2022 14:51:37.312,393.079
1397,22 Jul 2022 16:18:38.685,22 Jul 2022 16:24:32.890,354.204
1398,23 Jul 2022 01:25:13.470,23 Jul 2022 01:31:32.264,378.794
1399,23 Jul 2022 02:58:39.472,23 Jul 2022 03:04:49.115,369.644
1400,23 Jul 2022 14:19:42.288,23 Jul 2022 14:25:00.657,318.368
1401,23 Jul 2022 15:52:29.282,23 Jul 2022 15:59:16.476,407.193
1402,24 Jul 2022 01:00:10.321,24 Jul 2022 01:05:14.213,303.891
1403,24 Jul 2022 02:32:18.373,24 Jul 2022 02:39:16.436,418.062
1404,24 Jul 2022 13:55:03.301,24 Jul 2022 13:57:32.852,149.551
1405,24 Jul 2022 15:26:30.036,24 Jul 2022 15:33:42.302,432.266
1406,25 Jul 2022 00:35:46.166,25 Jul 2022 00:38:24.836,158.670
1407,25 Jul 2022 02:06:16.828,25 Jul 2022 02:13:31.969,435.141
1408,25 Jul 2022 15:00:39.520,25 Jul 2022 15:07:51.806,432.285
1409,25 Jul 2022 16:35:18.229,25 Jul 2022 16:39:02.158,223.929
1410,26 Jul 2022 01:40:31.990,26 Jul 2022 01:47:38.431,426.442
1411,26 Jul 2022 03:15:52.606,26 Jul 2022 03:19:42.332,229.726
1412,26 Jul 2022 14:34:58.653,26 Jul 2022 14:41:43.981,405.328
1413,26 Jul 2022 16:08:44.750,26 Jul 2022 16:14:19.435,334.685
1414,27 Jul 2022 01:15:03.662,27 Jul 2022 01:21:35.973,392.311
1415,27 Jul 2022 02:48:50.408,27 Jul 2022 02:54:40.620,350.213
1416,27 Jul 2022 14:09:31.565,27 Jul 2022 14:15:14.550,342.985
1417,27 Jul 2022 15:42:32.005,27 Jul 2022 15:49:08.341,396.337
1418,28 Jul 2022 00:49:54.436,28 Jul 2022 00:55:22.015,327.579
1419,28 Jul 2022 02:22:23.167,28 Jul 2022 02:29:12.026,408.859
1420,28 Jul 2022 13:44:34.082,28 Jul 2022 13:48:07.417,213.334
1421,28 Jul 2022 15:16:30.372,28 Jul 2022 15:23:38.539,428.167
1422,29 Jul 2022 00:25:15.466,29 Jul 2022 00:28:45.450,209.985
1423,29 Jul 2022 01:56:16.944,29 Jul 2022 02:03:30.232,433.288
1424,29 Jul 2022 14:50:37.577,29 Jul 2022 14:57:52.296,434.719
1425,29 Jul 2022 16:25:36.434,29 Jul 2022 16:28:34.045,177.611
1426,30 Jul 2022 01:30:27.862,30 Jul 2022 01:37:38.958,431.096
1427,30 Jul 2022 03:06:23.106,30 Jul 2022 03:09:16.985,173.879
1428,30 Jul 2022 14:24:53.977,30 Jul 2022 14:31:49.224,415.247
1429,30 Jul 2022 15:58:52.076,30 Jul 2022 16:04:04.203,312.127
1430,31 Jul 2022 01:04:55.127,31 Jul 2022 01:11:38.933,403.805
1431,31 Jul 2022 02:39:03.501,31 Jul 2022 02:44:30.521,327.019
1432,31 Jul 2022 13:59:22.581,31 Jul 2022 14:05:26.162,363.581
1433,31 Jul 2022 15:32:35.461,31 Jul 2022 15:38:58.965,383.504
1434,1 Aug 2022 00:39:40.421,1 Aug 2022 00:45:28.472,348.051
1435,1 Aug 2022 02:12:29.355,1 Aug 2022 02:19:06.762,397.407
1436,1 Aug 2022 13:34:13.873,1 Aug 2022 13:38:32.395,258.522
1437,1 Aug 2022 15:06:31.293,1 Aug 2022 15:13:33.671,422.378
1438,2 Aug 2022 00:14:51.139,2 Aug 2022 00:19:00.218,249.079
1439,2 Aug 2022 01:46:18.213,2 Aug 2022 01:53:27.865,429.652
1440,2 Aug 2022 14:40:36.248,2 Aug 2022 14:47:51.663,435.414
1441,2 Aug 2022 16:16:05.230,2 Aug 2022 16:17:54.815,109.585
1442,3 Aug 2022 01:20:24.833,3 Aug 2022 01:27:38.901,434.068
1443,3 Aug 2022 02:57:14.647,3 Aug 2022 02:58:31.175,76.528
1444,3 Aug 2022 14:14:50.095,3 Aug 2022 14:21:53.142,423.047
1445,3 Aug 2022 15:49:00.978,3 Aug 2022 15:53:46.870,285.891
1446,4 Aug 2022 00:54:47.789,4 Aug 2022 01:01:41.205,413.416
1447,4 Aug 2022 02:29:19.211,4 Aug 2022 02:34:18.357,299.146
1448,4 Aug 2022 13:49:14.993,4 Aug 2022 13:55:35.832,380.839
1449,4 Aug 2022 15:22:39.721,4 Aug 2022 15:28:48.266,368.545
1450,5 Aug 2022 00:29:28.031,5 Aug 2022 00:35:33.818,365.787
1451,5 Aug 2022 02:02:37.050,5 Aug 2022 02:09:00.517,383.466

